,year,month,Day,Avg_Temperature,Avg_Dew_Point,Avg_Humidity,Avg_Wind_Speed,Avg_Pressure
0,2018.0,1.0,1,2.679051794281333,24.5,28.2,4.0,27.9
1,2018.0,1.0,2,2.6579784222054226,30.0,33.5,8.8,27.9
2,2018.0,1.0,3,2.629706998673886,29.3,38.4,5.3,28.0
3,2018.0,1.0,4,2.633289909805001,26.8,34.7,3.5,28.0
4,2018.0,1.0,5,2.6740698569118813,30.6,31.1,4.4,27.9
5,2018.0,1.0,6,2.667730429689412,31.1,34.3,4.5,27.9
6,2018.0,1.0,7,2.652653251792001,32.8,38.5,8.0,28.0
7,2018.0,1.0,8,2.6246237680418556,32.8,46.1,11.2,28.1
8,2018.0,1.0,9,2.615721357900123,21.4,29.9,9.2,28.1
9,2018.0,1.0,10,2.5955640747544018,16.7,27.2,3.2,28.1
10,2018.0,1.0,11,2.6073430679877623,13.0,22.2,1.9,28.1
11,2018.0,1.0,12,2.6275381680231154,15.3,23.5,2.0,28.1
12,2018.0,1.0,13,2.628262716842354,12.0,20.2,1.3,28.0
13,2018.0,1.0,14,2.6403392685094373,9.4,17.0,3.8,28.0
14,2018.0,1.0,15,2.6499571862441496,14.8,19.1,5.5,28.0
15,2018.0,1.0,16,2.642424504825128,27.6,32.6,6.9,28.1
16,2018.0,1.0,17,2.6275381680231154,27.7,36.2,2.8,28.0
17,2018.0,1.0,18,2.667730429689412,26.5,29.0,4.4,27.9
18,2018.0,1.0,19,2.6796690619981827,24.5,24.3,8.8,27.9
19,2018.0,1.0,20,2.648600634201954,24.1,27.4,9.8,28.0
20,2018.0,1.0,21,2.609649291405666,25.8,36.3,7.4,28.1
21,2018.0,1.0,22,2.6126993430222365,23.0,34.4,2.8,28.0
22,2018.0,1.0,23,2.67719273515169,25.3,25.5,3.8,27.9
23,2018.0,1.0,24,2.688186478933527,26.7,25.1,2.9,27.9
24,2018.0,1.0,25,2.697063511664319,20.1,18.3,6.5,27.9
25,2018.0,1.0,26,2.7022714591280375,28.7,25.3,3.4,27.9
26,2018.0,1.0,27,2.6827374519810965,26.7,25.6,8.4,27.9
27,2018.0,1.0,28,2.6325764786239336,28.1,36.1,10.3,28.0
28,2018.0,2.0,1,2.6172219970237625,18.3,25.8,2.3,28.1
29,2018.0,2.0,2,2.626812005286512,19.4,26.1,5.3,28.1
30,2018.0,2.0,3,2.615721357900123,17.9,27.0,7.2,28.1
31,2018.0,2.0,4,2.625354811887459,13.5,21.3,4.9,28.1
32,2018.0,2.0,5,2.651308044370664,11.6,17.1,1.3,28.1
33,2018.0,2.0,6,2.673441574839969,10.4,14.2,1.2,28.1
34,2018.0,2.0,7,2.6964794618286514,13.3,14.2,1.9,28.0
35,2018.0,2.0,8,2.688186478933527,10.1,13.3,2.6,27.9
36,2018.0,2.0,9,2.6796690619981827,15.2,16.3,2.6,27.9
37,2018.0,2.0,10,2.695894320807052,16.0,15.8,1.5,27.9
38,2018.0,2.0,11,2.733369358645725,21.3,15.5,2.5,27.9
39,2018.0,2.0,12,2.752965759518957,21.7,14.4,6.7,27.9
40,2018.0,2.0,13,2.769994045810735,19.8,11.4,7.0,27.8
41,2018.0,2.0,14,2.7135423120347935,34.2,29.6,10.8,28.0
42,2018.0,2.0,15,2.7051276667509883,36.4,33.2,4.9,28.1
43,2018.0,2.0,16,2.7270777656878495,43.9,40.8,8.8,28.0
44,2018.0,2.0,17,2.7465728260731335,35.3,24.0,9.3,27.9
45,2018.0,2.0,18,2.7307635187618136,34.5,26.4,9.9,27.8
46,2018.0,2.0,19,2.6821261531020335,22.7,22.5,5.3,27.9
47,2018.0,2.0,20,2.6759472726238784,27.8,27.9,3.2,27.9
48,2018.0,2.0,21,2.7107626737949446,30.2,24.7,7.2,27.8
50,2018.0,2.0,23,2.7184836812258353,37.5,31.5,2.4,27.8
51,2018.0,2.0,24,2.6947207503710304,51.0,62.8,10.1,27.8
52,2018.0,2.0,25,2.694132313493363,51.7,64.1,5.4,27.8
53,2018.0,2.0,26,2.6947207503710304,53.3,66.2,6.9,27.9
54,2018.0,2.0,27,2.7328499598432523,52.3,50.6,9.1,27.8
55,2018.0,2.0,28,2.7039883211151396,50.7,55.4,6.0,27.8
56,2018.0,3.0,1,2.6964794618286514,53.9,68.7,9.7,27.8
57,2018.0,3.0,2,2.689982071316005,48.0,59.0,6.0,27.9
58,2018.0,3.0,3,2.701697066230312,43.3,44.1,3.4,28.0
59,2018.0,3.0,4,2.7228106679939468,41.9,40.3,3.9,27.9
60,2018.0,3.0,5,2.7359532191040934,38.8,30.9,6.2,27.9
61,2018.0,3.0,6,2.7539374263089322,36.2,25.5,4.5,27.9
62,2018.0,3.0,7,2.7592264652297174,27.5,18.3,5.3,27.9
63,2018.0,3.0,8,2.757793163495255,24.4,15.8,3.6,27.9
64,2018.0,3.0,9,2.7455772370397478,29.5,19.8,4.2,27.8
65,2018.0,3.0,10,2.7772627462119104,25.1,14.0,9.6,27.8
66,2018.0,3.0,11,2.747069400223735,35.1,25.2,8.6,27.8
67,2018.0,3.0,12,2.7307635187618136,33.3,24.5,9.5,27.9
68,2018.0,3.0,13,2.730239683331441,31.0,23.2,5.7,27.9
69,2018.0,3.0,14,2.7425707687608942,31.4,21.9,5.9,27.9
70,2018.0,3.0,15,2.771827855504262,29.3,16.3,8.5,27.9
71,2018.0,3.0,16,2.7563530222836135,30.5,18.6,7.6,27.8
72,2018.0,3.0,17,2.7544220919696145,31.6,21.7,7.3,27.8
73,2018.0,3.0,18,2.723882998001523,29.4,23.5,5.6,27.9
74,2018.0,3.0,19,2.7364673831901682,26.9,18.7,4.4,27.9
75,2018.0,3.0,20,2.7768135985324847,31.6,17.5,7.0,27.9
76,2018.0,3.0,21,2.7843584724849038,30.1,16.1,5.7,27.9
77,2018.0,3.0,22,2.76629241109677,31.5,19.4,6.5,27.9
78,2018.0,3.0,23,2.7558714450770636,23.2,15.1,3.8,27.9
79,2018.0,3.0,24,2.75052286250456,12.2,10.2,3.5,27.9
80,2018.0,3.0,25,2.7519909636087783,13.0,9.6,5.4,28.0
81,2018.0,3.0,26,2.7601782290283263,16.4,10.5,4.4,28.0
82,2018.0,3.0,27,2.7653598228126284,22.2,13.8,2.6,28.0
83,2018.0,3.0,28,2.779052600052362,23.9,13.0,3.4,27.9
84,2018.0,4.0,1,2.738515434177318,33.2,23.3,6.4,27.9
86,2018.0,4.0,3,2.775913269198001,37.0,21.4,9.1,27.9
87,2018.0,4.0,4,2.777711218366264,41.2,26.2,11.4,27.8
88,2018.0,4.0,5,2.7495401632602823,50.4,45.9,11.6,27.8
89,2018.0,4.0,6,2.7260165236174223,56.8,62.9,9.2,27.8
90,2018.0,4.0,7,2.7587494542881723,54.1,48.7,7.4,27.8
91,2018.0,4.0,8,2.768148939966577,51.9,42.5,7.1,27.8
92,2018.0,4.0,9,2.7601782290283263,56.6,51.1,11.1,27.8
93,2018.0,4.0,10,2.7672221114201068,51.2,40.4,12.0,27.8
94,2018.0,4.0,11,2.7568338329499102,51.9,43.7,11.0,27.8
95,2018.0,4.0,12,2.7741044224106464,40.5,27.1,10.8,27.7
96,2018.0,4.0,13,2.775462083824357,39.1,24.5,7.0,27.8
97,2018.0,4.0,14,2.766757621238954,33.4,20.5,6.2,27.8
98,2018.0,4.0,15,2.7644243302512685,40.6,25.9,7.7,27.8
99,2018.0,4.0,16,2.778159016836519,35.7,21.3,8.6,27.7
100,2018.0,4.0,17,2.75052286250456,49.5,46.2,8.7,27.9
101,2018.0,4.0,18,2.755389099110301,33.3,22.9,5.3,28.0
102,2018.0,4.0,19,2.763955489731181,22.5,13.8,4.3,27.9
103,2018.0,4.0,20,2.7821591874807092,26.0,12.9,7.3,27.8
104,2018.0,4.0,21,2.808337481561472,28.3,11.7,9.7,27.7
105,2018.0,4.0,22,2.7826003487846673,45.4,30.6,6.2,27.7
106,2018.0,4.0,23,2.7852336458469313,48.5,32.8,10.2,27.8
107,2018.0,4.0,24,2.752478753845857,37.6,25.5,7.4,27.9
108,2018.0,4.0,25,2.7328499598432523,54.5,57.0,4.9,27.9
109,2018.0,4.0,26,2.755389099110301,56.4,56.0,11.7,27.8
110,2018.0,4.0,27,2.7475651640088032,59.0,61.2,6.8,27.8
111,2018.0,4.0,28,2.775010215488393,50.9,40.4,7.2,27.8
112,2018.0,5.0,1,2.786976284629621,41.3,24.1,8.9,27.8
113,2018.0,5.0,2,2.7843584724849038,42.6,25.6,11.9,27.9
114,2018.0,5.0,3,2.8050876690334223,38.4,18.1,7.2,27.8
115,2018.0,5.0,4,2.7912885506220912,43.7,24.2,8.5,27.8
116,2018.0,5.0,5,2.8059035104224495,40.3,19.6,7.5,27.8
117,2018.0,5.0,6,2.8163072711062256,37.5,16.2,5.5,27.8
118,2018.0,5.0,7,2.8232980918204,37.1,15.4,5.4,27.8
119,2018.0,5.0,8,2.8349555243302698,33.4,12.2,8.6,27.7
120,2018.0,5.0,9,2.8046788948463304,46.3,25.6,11.0,27.7
121,2018.0,5.0,10,2.7917163398758573,35.5,19.9,8.2,27.8
122,2018.0,5.0,11,2.807933223206348,27.3,12.0,8.3,27.7
123,2018.0,5.0,12,2.8411533494890904,25.6,7.9,13.7,27.6
124,2018.0,5.0,13,2.810350429408769,28.3,11.7,8.7,27.7
125,2018.0,5.0,14,2.795116526408273,33.3,15.7,8.5,27.7
126,2018.0,5.0,15,2.7900014561014985,37.5,19.5,8.2,27.8
127,2018.0,5.0,16,2.7912885506220912,37.3,19.2,8.0,27.8
128,2018.0,5.0,17,2.7955388077671905,38.3,19.5,6.2,27.8
129,2018.0,5.0,18,2.794693639427444,40.0,20.3,5.4,27.8
130,2018.0,5.0,19,2.790860141331024,46.7,28.0,12.0,27.8
131,2018.0,5.0,20,2.8075284053311758,42.5,22.8,5.1,27.8
132,2018.0,5.0,21,2.8151256055943428,27.0,11.0,6.7,27.8
133,2018.0,5.0,22,2.8198237261796764,26.3,10.1,4.3,27.8
134,2018.0,5.0,23,2.8274886982058898,27.5,9.6,6.1,27.8
135,2018.0,5.0,24,2.8236815739258434,30.1,11.2,6.0,27.7
136,2018.0,5.0,25,2.8198237261796764,28.8,11.2,5.9,27.7
137,2018.0,5.0,26,2.8221445900850433,33.4,12.8,5.2,27.7
138,2018.0,5.0,27,2.821373030450021,34.5,13.5,7.3,27.8
139,2018.0,5.0,28,2.8205994124761498,31.3,12.3,6.3,27.7
140,2018.0,6.0,1,2.8422333060012166,40.0,14.3,4.7,27.7
141,2018.0,6.0,2,2.848628719795529,40.7,13.5,5.0,27.6
142,2018.0,6.0,3,2.854195488970087,40.2,13.3,4.8,27.6
143,2018.0,6.0,4,2.8548837301713386,43.9,15.6,5.9,27.6
144,2018.0,6.0,5,2.852813981438893,37.2,12.0,5.9,27.6
145,2018.0,6.0,6,2.8514257242396055,33.6,10.5,5.3,27.7
146,2018.0,6.0,7,2.8503800657661573,35.5,11.4,6.1,27.7
147,2018.0,6.0,8,2.8367923505811703,30.8,9.1,9.9,27.7
148,2018.0,6.0,9,2.8579603131658615,32.6,9.4,7.0,27.6
149,2018.0,6.0,10,2.8579603131658615,29.6,8.2,10.8,27.6
150,2018.0,6.0,11,2.838617500672363,28.8,9.3,9.0,27.6
151,2018.0,6.0,12,2.837158310373167,24.5,8.2,7.5,27.6
152,2018.0,6.0,13,2.833847767449356,25.0,8.4,7.2,27.6
153,2018.0,6.0,14,2.8255914007085328,23.2,8.3,7.6,27.6
154,2018.0,6.0,15,2.8308727317564575,25.6,8.8,8.3,27.6
155,2018.0,6.0,16,2.833847767449356,32.6,11.5,6.7,27.7
156,2018.0,6.0,17,2.8349555243302698,29.5,9.7,15.0,27.7
157,2018.0,6.0,18,2.842592387674533,32.6,10.5,12.8,27.7
158,2018.0,6.0,19,2.8393443214661636,33.0,10.9,7.2,27.7
159,2018.0,6.0,20,2.840431108564065,34.2,11.7,8.5,27.7
160,2018.0,6.0,21,2.8411533494890904,33.2,11.1,12.3,27.7
161,2018.0,6.0,22,2.8289976148820175,31.7,11.2,9.0,27.7
162,2018.0,6.0,23,2.8271102338925704,32.5,11.9,9.5,27.7
163,2018.0,6.0,24,2.825971857767347,31.1,11.5,6.6,27.7
164,2018.0,6.0,25,2.829373614748556,29.8,10.3,8.1,27.7
165,2018.0,6.0,26,2.8407924567104685,30.9,10.2,12.8,27.6
166,2018.0,6.0,27,2.853850741612683,30.5,8.9,16.8,27.6
167,2018.0,6.0,28,2.8514257242396055,30.8,9.3,11.0,27.6
168,2018.0,7.0,1,2.8364259237500304,25.8,8.6,9.1,27.6
169,2018.0,7.0,2,2.838617500672363,31.6,10.4,10.3,27.6
170,2018.0,7.0,3,2.845803985700394,27.6,8.6,11.4,27.6
171,2018.0,7.0,4,2.852467552253615,27.4,7.8,11.5,27.5
172,2018.0,7.0,5,2.8562552241549803,30.1,8.5,8.8,27.5
173,2018.0,7.0,6,2.850030657306303,27.9,8.5,5.5,27.5
174,2018.0,7.0,7,2.845803985700394,24.1,7.5,4.5,27.6
175,2018.0,7.0,8,2.845093410784889,31.6,10.0,4.5,27.6
176,2018.0,7.0,9,2.8521207002838107,29.7,8.7,8.7,27.6
177,2018.0,7.0,10,2.8521207002838107,29.2,8.6,14.3,27.6
178,2018.0,7.0,11,2.8400693040064153,24.1,7.0,12.8,27.6
179,2018.0,7.0,12,2.844381063420932,26.0,7.0,13.5,27.5
180,2018.0,7.0,13,2.8535055751888976,27.7,7.8,12.6,27.5
181,2018.0,7.0,14,2.848628719795529,33.6,10.4,3.0,27.5
182,2018.0,7.0,15,2.8548837301713386,33.4,9.8,4.6,27.5
183,2018.0,7.0,16,2.8482771546849124,32.1,9.7,9.3,27.5
184,2018.0,7.0,17,2.837523804204853,31.8,10.5,8.6,27.6
185,2018.0,7.0,18,2.835691664636864,31.4,10.5,9.4,27.6
186,2018.0,7.0,19,2.833847767449356,29.7,10.2,6.5,27.6
187,2018.0,7.0,20,2.838253398284604,32.5,10.7,9.6,27.6
188,2018.0,7.0,21,2.837523804204853,31.0,10.3,9.3,27.6
189,2018.0,7.0,22,2.8367923505811703,33.0,11.0,5.6,27.6
190,2018.0,7.0,23,2.8378888331514536,33.3,11.2,4.4,27.6
191,2018.0,7.0,24,2.8393443214661636,33.8,11.2,4.5,27.6
192,2018.0,7.0,25,2.838981141379231,32.9,11.0,5.6,27.6
193,2018.0,7.0,26,2.8429510191459,32.4,10.3,11.6,27.6
194,2018.0,7.0,27,2.854195488970087,30.7,8.7,21.7,27.6
195,2018.0,7.0,28,2.851773424592479,30.3,8.9,16.5,27.6
196,2018.0,8.0,1,2.8411533494890904,34.9,11.5,7.4,27.6
197,2018.0,8.0,2,2.8367923505811703,32.1,11.0,6.8,27.6
198,2018.0,8.0,3,2.833847767449356,30.7,10.6,4.3,27.6
199,2018.0,8.0,4,2.8397070419905868,32.5,10.6,4.2,27.6
200,2018.0,8.0,5,2.851077598282153,33.6,10.1,5.2,27.6
201,2018.0,8.0,6,2.8482771546849124,36.6,11.5,7.3,27.6
202,2018.0,8.0,7,2.8496808194392167,34.2,10.8,12.3,27.6
203,2018.0,8.0,8,2.850729045774045,29.6,8.7,15.3,27.6
204,2018.0,8.0,9,2.842592387674533,33.6,10.8,11.6,27.6
205,2018.0,8.0,10,2.8411533494890904,35.6,11.9,8.8,27.6
206,2018.0,8.0,11,2.83049868257226,33.8,12.0,6.0,27.7
207,2018.0,8.0,12,2.838253398284604,31.3,10.6,8.5,27.6
208,2018.0,8.0,13,2.8367923505811703,31.5,10.4,11.1,27.6
209,2018.0,8.0,14,2.8334775650290296,34.4,12.0,8.2,27.6
210,2018.0,8.0,15,2.832735728331845,31.6,11.0,6.7,27.6
211,2018.0,8.0,16,2.830124147441232,28.4,10.0,6.7,27.6
212,2018.0,8.0,17,2.8334775650290296,31.2,10.9,7.4,27.6
213,2018.0,8.0,18,2.8360590287972927,29.3,9.9,6.5,27.6
214,2018.0,8.0,19,2.8364259237500304,26.5,8.8,5.4,27.6
215,2018.0,8.0,20,2.8334775650290296,28.0,9.4,6.8,27.6
216,2018.0,8.0,21,2.832735728331845,29.7,10.3,11.0,27.6
217,2018.0,8.0,22,2.837158310373167,30.5,10.2,8.8,27.6
218,2018.0,8.0,23,2.8367923505811703,29.5,9.6,8.0,27.6
219,2018.0,8.0,24,2.837158310373167,33.9,11.5,4.8,27.7
220,2018.0,8.0,25,2.8308727317564575,33.9,12.2,5.7,27.6
221,2018.0,8.0,26,2.8422333060012166,30.5,9.9,10.6,27.6
222,2018.0,8.0,27,2.812747792349468,28.0,11.0,2.0,27.6
223,2018.0,8.0,28,2.835691664636864,32.8,11.0,6.5,27.6
224,2018.0,9.0,1,2.840431108564065,30.3,9.9,7.0,27.6
225,2018.0,9.0,2,2.8378888331514536,30.5,10.1,8.9,27.7
226,2018.0,9.0,3,2.8367923505811703,30.7,10.4,5.2,27.6
227,2018.0,9.0,4,2.844024222561216,32.7,10.6,3.4,27.6
228,2018.0,9.0,5,2.852467552253615,32.6,10.0,8.2,27.6
229,2018.0,9.0,6,2.8422333060012166,28.9,9.0,9.2,27.7
230,2018.0,9.0,7,2.830124147441232,36.0,14.2,7.5,27.7
231,2018.0,9.0,8,2.8323640918196284,29.5,10.3,4.7,27.7
232,2018.0,9.0,9,2.833847767449356,31.4,11.0,3.1,27.7
233,2018.0,9.0,10,2.8378888331514536,37.5,13.6,5.0,27.7
234,2018.0,9.0,11,2.8331068856951207,41.1,18.3,5.4,27.8
235,2018.0,9.0,12,2.8274886982058898,39.5,15.5,4.7,27.8
236,2018.0,9.0,13,2.8331068856951207,30.3,11.5,8.3,27.7
237,2018.0,9.0,14,2.8349555243302698,25.0,8.0,5.5,27.7
238,2018.0,9.0,15,2.835323830178996,27.2,9.1,4.8,27.7
239,2018.0,9.0,16,2.8331068856951207,30.6,10.2,5.0,27.7
240,2018.0,9.0,17,2.829373614748556,31.9,11.5,6.8,27.7
241,2018.0,9.0,18,2.8297491252168223,30.4,10.9,6.0,27.7
242,2018.0,9.0,19,2.8274886982058898,33.0,12.3,4.5,27.8
243,2018.0,9.0,20,2.833847767449356,33.1,12.3,4.4,27.8
244,2018.0,9.0,21,2.8248289819025567,35.9,14.0,4.6,27.8
245,2018.0,9.0,22,2.8252104424865894,35.8,14.1,3.0,27.8
246,2018.0,9.0,23,2.8248289819025567,32.8,12.4,3.7,27.8
247,2018.0,9.0,24,2.828244142316647,34.3,13.2,3.8,27.8
248,2018.0,9.0,25,2.824447017753319,36.5,14.7,2.8,27.8
249,2018.0,9.0,26,2.826351814857846,36.9,15.2,4.1,27.8
250,2018.0,9.0,27,2.817875395372526,29.1,11.4,3.5,27.8
251,2018.0,9.0,28,2.812747792349468,25.3,9.9,4.1,27.8
252,2018.0,10.0,1,2.7984779511452453,33.0,15.4,4.9,27.9
253,2018.0,10.0,2,2.8005595117977236,30.3,13.6,6.0,27.9
254,2018.0,10.0,3,2.792570064769763,32.5,15.7,3.2,27.9
255,2018.0,10.0,4,2.801801408378477,29.3,13.5,5.3,27.9
256,2018.0,10.0,5,2.801801408378477,31.0,13.8,4.9,27.9
257,2018.0,10.0,6,2.8009740609728704,29.9,13.6,2.5,27.9
258,2018.0,10.0,7,2.8050876690334223,29.6,12.8,3.3,27.9
259,2018.0,10.0,8,2.7976411850351304,45.3,26.7,5.4,27.9
260,2018.0,10.0,9,2.7912885506220912,30.6,15.6,2.1,27.9
261,2018.0,10.0,10,2.7955388077671905,28.7,13.5,2.5,27.9
262,2018.0,10.0,11,2.8005595117977236,33.4,15.7,3.3,27.9
263,2018.0,10.0,12,2.7917163398758573,42.1,23.9,3.0,27.9
264,2018.0,10.0,13,2.7988954436163738,37.6,19.4,5.7,27.9
265,2018.0,10.0,14,2.7839199162882657,34.1,18.1,4.1,27.9
266,2018.0,10.0,15,2.775913269198001,32.8,18.2,4.2,27.9
267,2018.0,10.0,16,2.7821591874807092,40.0,24.0,4.0,27.9
268,2018.0,10.0,17,2.783480711435584,38.1,21.3,2.5,27.9
269,2018.0,10.0,18,2.776363773479717,44.3,28.4,4.4,27.9
270,2018.0,10.0,19,2.7745576623122674,51.5,37.1,4.0,27.9
271,2018.0,10.0,20,2.766757621238954,57.7,49.6,4.8,27.9
272,2018.0,10.0,21,2.7592264652297174,56.8,51.0,6.2,27.9
273,2018.0,10.0,22,2.783480711435584,51.4,36.8,6.5,27.9
274,2018.0,10.0,23,2.775913269198001,53.2,41.7,3.7,28.0
275,2018.0,10.0,24,2.7808317624764136,51.4,35.4,5.2,27.9
276,2018.0,10.0,25,2.786976284629621,49.0,31.6,3.7,27.9
277,2018.0,10.0,26,2.7912885506220912,46.0,26.4,4.4,27.9
278,2018.0,10.0,27,2.7736504938906705,51.6,39.0,9.3,27.9
279,2018.0,10.0,28,2.7051276667509883,59.6,77.3,9.0,28.1
280,2018.0,11.0,1,2.7217345951900924,38.1,32.9,4.9,28.0
281,2018.0,11.0,2,2.7265476023134076,35.9,28.4,5.0,28.0
282,2018.0,11.0,3,2.733887878295239,44.9,37.2,5.8,28.0
283,2018.0,11.0,4,2.733887878295239,59.8,65.3,6.4,27.9
284,2018.0,11.0,5,2.7490476170795883,51.5,49.2,7.9,27.9
285,2018.0,11.0,6,2.7568338329499102,52.7,46.8,7.4,27.9
286,2018.0,11.0,7,2.729189322937278,55.2,60.1,6.2,27.9
287,2018.0,11.0,8,2.70054510093904,60.5,80.5,8.3,27.9
288,2018.0,11.0,9,2.6953080848953253,61.8,86.9,7.1,27.9
289,2018.0,11.0,10,2.7107626737949446,62.8,83.3,5.3,27.9
290,2018.0,11.0,11,2.731286461377497,64.1,77.2,4.0,27.9
291,2018.0,11.0,12,2.7228106679939468,64.3,81.8,7.3,28.0
292,2018.0,11.0,13,2.7107626737949446,60.0,75.3,7.8,27.9
293,2018.0,11.0,14,2.72227310092192,59.2,69.8,8.9,27.8
294,2018.0,11.0,15,2.755389099110301,45.8,44.9,9.4,27.8
295,2018.0,11.0,16,2.73232967917982,58.3,64.2,6.0,28.0
296,2018.0,11.0,17,2.7096438119792228,53.9,63.3,8.6,28.1
297,2018.0,11.0,18,2.691767466983473,47.9,58.0,6.3,28.1
298,2018.0,11.0,19,2.6964794618286514,47.2,54.0,4.4,28.0
299,2018.0,11.0,20,2.688786149215338,48.8,58.8,5.4,28.0
300,2018.0,11.0,21,2.690578330977535,49.8,60.0,3.9,28.1
301,2018.0,11.0,22,2.7113205967844216,45.5,45.8,7.3,28.0
302,2018.0,11.0,23,2.6964794618286514,52.9,65.6,6.5,27.9
303,2018.0,11.0,24,2.7184836812258353,53.7,60.8,5.3,27.9
304,2018.0,11.0,25,2.7062628614300017,59.6,76.7,7.6,27.9
305,2018.0,11.0,26,2.666447247199556,51.5,73.1,5.3,28.0
306,2018.0,11.0,27,2.662566429627837,49.0,69.1,3.7,28.1
307,2018.0,11.0,28,2.6702813867312254,48.3,63.5,3.3,28.1
308,2018.0,12.0,1,2.7062628614300017,44.0,45.5,4.0,28.0
309,2018.0,12.0,2,2.7051276667509883,42.2,44.8,3.3,27.9
310,2018.0,12.0,3,2.688786149215338,46.2,54.7,3.5,28.0
311,2018.0,12.0,4,2.6778136351539814,50.8,69.1,6.1,28.0
312,2018.0,12.0,5,2.7056957812442577,47.1,50.2,6.0,27.9
313,2018.0,12.0,6,2.703417083067888,32.0,27.0,9.5,27.9
314,2018.0,12.0,7,2.697646474000122,36.9,35.6,3.2,27.9
315,2018.0,12.0,8,2.6893846786991187,45.5,50.5,6.1,27.9
316,2018.0,12.0,9,2.71020374662114,50.6,53.4,7.5,27.9
317,2018.0,12.0,10,2.719027881931607,48.0,47.8,6.6,27.9
318,2018.0,12.0,11,2.6953080848953253,51.0,59.8,7.8,28.0
319,2018.0,12.0,12,2.6923603510541243,49.2,57.8,4.8,28.1
320,2018.0,12.0,13,2.69996752143799,47.2,51.4,5.7,28.1
321,2018.0,12.0,14,2.7062628614300017,46.3,47.8,5.8,28.1
322,2018.0,12.0,15,2.662566429627837,53.9,80.6,4.2,28.1
323,2018.0,12.0,16,2.6592960079213457,46.3,62.9,2.9,28.1
324,2018.0,12.0,17,2.6702813867312254,48.3,64.2,5.1,28.1
325,2018.0,12.0,18,2.691173461575781,49.0,58.5,5.3,28.1
326,2018.0,12.0,19,2.6465550343398916,52.1,81.0,5.0,28.1
327,2018.0,12.0,20,2.6839565102255496,48.5,62.7,4.3,28.0
328,2018.0,12.0,21,2.662566429627837,44.7,58.7,6.0,28.0
329,2018.0,12.0,22,2.6465550343398916,38.2,49.1,7.0,28.1
330,2018.0,12.0,23,2.629706998673886,37.8,53.4,3.1,28.1
331,2018.0,12.0,24,2.641035842035006,36.4,48.2,2.4,28.1
332,2018.0,12.0,25,2.652653251792001,36.6,45.1,3.8,28.1
333,2018.0,12.0,26,2.6533237498618596,37.0,46.5,4.6,28.1
334,2018.0,12.0,27,2.6690084637488334,37.6,44.1,6.0,27.9
335,2018.0,12.0,28,2.6923603510541243,41.3,42.7,6.4,27.9
336,2019.0,1.0,1,2.6499571862441496,49.8,75.4,4.7,28.1
337,2019.0,1.0,2,2.7051276667509883,50.3,58.1,6.8,28.0
338,2019.0,1.0,3,2.7201134161897933,43.0,39.9,9.6,28.0
339,2019.0,1.0,4,2.6566553948683835,35.0,42.7,7.3,28.2
340,2019.0,1.0,5,2.6579784222054226,31.3,36.3,3.5,28.1
341,2019.0,1.0,6,2.6982283525041137,32.5,29.3,7.2,27.9
342,2019.0,1.0,7,2.6964794618286514,41.9,42.8,6.4,27.9
343,2019.0,1.0,8,2.6606081924850358,41.0,50.2,5.1,28.0
344,2019.0,1.0,9,2.688786149215338,33.8,34.8,8.8,28.0
345,2019.0,1.0,10,2.6246237680418556,27.6,36.2,7.7,28.1
346,2019.0,1.0,11,2.6104144585589237,27.5,39.0,4.5,28.1
347,2019.0,1.0,12,2.636128066421535,27.6,35.4,3.8,28.0
348,2019.0,1.0,13,2.6857763105101826,24.5,23.0,7.1,27.9
349,2019.0,1.0,14,2.7051276667509883,30.6,26.1,6.3,27.9
350,2019.0,1.0,15,2.694132313493363,39.0,41.2,4.4,27.9
351,2019.0,1.0,16,2.7254845267288883,44.8,40.5,6.8,27.9
352,2019.0,1.0,17,2.701697066230312,32.1,30.5,11.3,27.9
353,2019.0,1.0,18,2.618715800122827,21.0,28.9,3.9,28.0
354,2019.0,1.0,19,2.6034631642382795,27.8,40.8,3.7,28.1
355,2019.0,1.0,20,2.597953639188079,26.9,40.5,2.5,28.1
356,2019.0,1.0,21,2.628262716842354,26.6,35.0,4.1,28.1
357,2019.0,1.0,22,2.6658037135119232,27.8,29.9,2.6,28.0
358,2019.0,1.0,23,2.690578330977535,29.2,27.5,4.8,27.9
359,2019.0,1.0,24,2.69996752143799,26.5,24.8,4.5,28.0
360,2019.0,1.0,25,2.719027881931607,23.8,18.5,4.8,27.9
361,2019.0,1.0,26,2.7179385207253515,28.3,22.5,3.8,28.0
362,2019.0,1.0,27,2.7349222909073068,31.0,22.3,9.2,28.0
363,2019.0,1.0,28,2.7359532191040934,38.8,30.0,15.6,27.9
364,2019.0,2.0,1,2.73232967917982,44.9,39.4,3.1,27.9
365,2019.0,2.0,2,2.7179385207253515,46.7,46.6,6.1,27.9
366,2019.0,2.0,3,2.6658037135119232,38.4,44.3,9.3,28.0
367,2019.0,2.0,4,2.6403392685094373,28.9,38.9,5.3,28.1
368,2019.0,2.0,5,2.642424504825128,18.0,23.6,4.3,28.1
369,2019.0,2.0,6,2.635420850152219,20.5,26.0,3.7,28.1
370,2019.0,2.0,7,2.6438072272639737,28.2,34.3,4.4,28.1
371,2019.0,2.0,8,2.6839565102255496,31.9,32.5,9.1,28.0
372,2019.0,2.0,9,2.7051276667509883,26.8,22.6,9.6,27.9
373,2019.0,2.0,10,2.7062628614300017,42.5,43.4,6.5,27.9
374,2019.0,2.0,11,2.661915015930794,54.2,81.7,8.6,27.9
375,2019.0,2.0,12,2.630426744564519,38.7,57.8,9.4,28.1
376,2019.0,2.0,13,2.628262716842354,33.8,48.8,3.6,28.1
377,2019.0,2.0,14,2.6796690619981827,28.4,29.1,9.8,28.0
378,2019.0,2.0,15,2.7249516087637384,35.0,28.0,5.8,27.9
379,2019.0,2.0,16,2.694132313493363,47.7,53.8,9.4,27.9
380,2019.0,2.0,17,2.647238344553201,28.7,35.3,8.3,28.0
381,2019.0,2.0,18,2.651308044370664,26.7,32.0,5.4,27.9
382,2019.0,2.0,19,2.642424504825128,30.4,39.1,13.6,27.9
383,2019.0,2.0,20,2.6238910839119844,31.7,47.3,7.3,28.1
384,2019.0,2.0,21,2.6389416079116423,27.0,35.1,3.6,28.1
385,2019.0,2.0,22,2.6683700879291035,26.5,26.9,9.1,27.9
386,2019.0,2.0,23,2.709082866569828,30.7,25.6,7.2,27.9
387,2019.0,2.0,24,2.7157482190525704,38.3,34.9,4.8,27.9
388,2019.0,2.0,25,2.688786149215338,37.9,42.8,7.6,28.0
389,2019.0,2.0,26,2.691173461575781,27.2,27.3,4.7,28.0
390,2019.0,2.0,27,2.7400425096558156,30.2,20.7,8.4,27.8
391,2019.0,2.0,28,2.7425707687608942,39.1,31.3,7.2,27.7
392,2019.0,3.0,1,2.6721812686841617,28.2,28.1,12.8,27.8
393,2019.0,3.0,2,2.6417309188655502,25.2,30.0,6.1,27.9
394,2019.0,3.0,3,2.6632165178644285,25.5,28.1,3.7,27.9
395,2019.0,3.0,4,2.6740698569118813,26.2,28.3,4.5,27.9
396,2019.0,3.0,5,2.694132313493363,26.8,23.9,9.3,27.9
397,2019.0,3.0,6,2.6982283525041137,28.3,24.6,15.5,27.9
398,2019.0,3.0,7,2.6690084637488334,29.5,32.4,8.3,28.0
399,2019.0,3.0,8,2.683347569644151,24.5,25.3,5.5,28.0
400,2019.0,3.0,9,2.6651588785290485,23.9,24.7,11.4,28.1
401,2019.0,3.0,10,2.667730429689412,23.0,25.6,5.1,28.1
402,2019.0,3.0,11,2.6857763105101826,21.0,20.7,4.1,27.9
403,2019.0,3.0,12,2.69295211762216,19.4,18.2,3.6,28.0
404,2019.0,3.0,13,2.701121614682359,20.5,18.6,6.0,28.0
405,2019.0,3.0,14,2.748554270056079,25.0,17.1,13.2,27.8
406,2019.0,3.0,15,2.7045585145226303,30.6,29.4,10.5,27.9
407,2019.0,3.0,16,2.7135423120347935,34.1,28.7,6.3,27.9
408,2019.0,3.0,17,2.715198213159707,30.2,26.0,12.5,27.9
409,2019.0,3.0,18,2.6893846786991187,25.9,24.3,6.3,28.0
410,2019.0,3.0,19,2.69996752143799,27.5,25.8,3.1,28.0
411,2019.0,3.0,20,2.7135423120347935,26.3,20.8,7.5,27.9
412,2019.0,3.0,21,2.723882998001523,29.6,22.4,9.4,27.8
413,2019.0,3.0,22,2.7254845267288883,33.0,26.9,8.8,27.8
414,2019.0,3.0,23,2.731286461377497,45.0,40.2,6.3,27.8
415,2019.0,3.0,24,2.762072784346479,45.9,41.0,9.0,27.7
416,2019.0,3.0,25,2.7690729127890554,52.2,42.1,10.6,27.6
417,2019.0,3.0,26,2.7201134161897933,42.5,43.2,7.8,27.8
418,2019.0,3.0,27,2.714647228803292,33.6,29.8,4.8,27.9
419,2019.0,3.0,28,2.738004707006701,31.1,22.5,8.0,27.9
420,2019.0,4.0,1,2.7281353578912504,40.6,38.6,7.7,27.8
421,2019.0,4.0,2,2.7079579301726606,30.6,25.8,7.0,27.9
422,2019.0,4.0,3,2.7445783775334656,40.6,32.3,6.0,27.8
423,2019.0,4.0,4,2.7658264789664537,39.5,26.3,4.9,27.8
424,2019.0,4.0,5,2.7713704552333067,51.4,37.9,8.1,27.8
425,2019.0,4.0,6,2.783480711435584,45.5,30.0,7.2,27.8
426,2019.0,4.0,7,2.7891402710537827,44.6,27.3,11.6,27.8
427,2019.0,4.0,8,2.775913269198001,48.5,34.8,5.0,27.8
428,2019.0,4.0,9,2.7558714450770636,47.9,37.6,10.9,27.8
429,2019.0,4.0,10,2.7307635187618136,54.6,56.3,9.4,27.9
430,2019.0,4.0,11,2.7500319109535,51.3,46.3,8.2,27.8
431,2019.0,4.0,12,2.7500319109535,52.8,49.9,8.0,27.8
432,2019.0,4.0,13,2.7206547558223684,53.9,59.1,10.0,27.8
433,2019.0,4.0,14,2.7349222909073068,38.1,37.4,7.1,27.9
434,2019.0,4.0,15,2.7475651640088032,29.5,24.0,2.7,27.9
435,2019.0,4.0,16,2.778159016836519,30.3,17.5,4.7,27.9
436,2019.0,4.0,17,2.7984779511452453,24.9,11.9,7.8,27.8
437,2019.0,4.0,18,2.7955388077671905,42.2,26.8,8.8,27.8
438,2019.0,4.0,19,2.787843777345429,39.0,22.8,7.2,27.8
439,2019.0,4.0,20,2.7852336458469313,37.8,21.8,6.4,27.8
440,2019.0,4.0,21,2.7625445663603276,43.3,29.8,7.3,27.7
441,2019.0,4.0,22,2.7307635187618136,28.1,22.3,13.5,27.8
442,2019.0,4.0,23,2.7113205967844216,15.6,14.2,9.6,28.0
443,2019.0,4.0,24,2.7179385207253515,19.5,15.6,9.1,28.0
444,2019.0,4.0,25,2.730239683331441,24.4,17.5,5.0,28.0
445,2019.0,4.0,26,2.7179385207253515,33.0,29.2,4.5,27.9
446,2019.0,4.0,27,2.7445783775334656,40.6,31.6,7.1,27.9
447,2019.0,4.0,28,2.7709123548264962,38.3,24.0,8.4,27.9
448,2019.0,5.0,1,2.7874103484651083,31.4,16.2,7.0,27.8
449,2019.0,5.0,2,2.8009740609728704,34.2,15.7,5.8,27.8
450,2019.0,5.0,3,2.8067170853894607,41.5,21.7,8.7,27.8
451,2019.0,5.0,4,2.783480711435584,50.3,37.2,10.2,27.8
452,2019.0,5.0,5,2.80262643110765,44.9,24.5,4.4,27.9
453,2019.0,5.0,6,2.795116526408273,53.2,37.3,4.9,27.9
454,2019.0,5.0,7,2.808337481561472,44.7,23.9,7.4,27.8
455,2019.0,5.0,8,2.821373030450021,40.1,17.2,6.1,27.7
456,2019.0,5.0,9,2.826731273170724,39.3,15.8,11.1,27.7
457,2019.0,5.0,10,2.8186562966174384,40.3,17.9,5.0,27.8
458,2019.0,5.0,11,2.8042695497420227,42.3,21.0,8.6,27.8
459,2019.0,5.0,12,2.7625445663603276,51.4,39.8,8.9,27.9
460,2019.0,5.0,13,2.7921435107184345,46.8,30.2,6.5,27.8
461,2019.0,5.0,14,2.813145444339004,43.2,21.8,7.5,27.8
462,2019.0,5.0,15,2.8155200274009022,33.5,14.7,3.3,27.8
463,2019.0,5.0,16,2.8159139154685655,33.5,13.7,4.8,27.7
464,2019.0,5.0,17,2.813145444339004,41.4,18.6,6.8,27.8
465,2019.0,5.0,18,2.786976284629621,47.0,28.8,6.1,27.7
466,2019.0,5.0,19,2.7997286550170113,43.7,25.8,3.7,27.7
467,2019.0,5.0,20,2.8046788948463304,46.0,23.9,8.5,27.8
468,2019.0,5.0,21,2.8063105804944612,45.8,25.3,6.6,27.8
469,2019.0,5.0,22,2.812747792349468,41.4,20.3,4.3,27.9
470,2019.0,5.0,23,2.8205994124761498,34.3,14.5,6.9,27.8
471,2019.0,5.0,24,2.817092390303895,32.8,13.7,3.5,27.8
472,2019.0,5.0,25,2.8205994124761498,31.3,12.3,3.6,27.8
473,2019.0,5.0,26,2.822914101295301,31.8,12.5,4.2,27.8
474,2019.0,5.0,27,2.826731273170724,32.8,12.7,5.5,27.8
475,2019.0,5.0,28,2.845093410784889,27.4,8.1,6.3,27.7
476,2019.0,6.0,1,2.8331068856951207,27.1,9.2,5.0,27.8
477,2019.0,6.0,2,2.837523804204853,28.5,9.5,5.5,27.8
478,2019.0,6.0,3,2.838617500672363,29.3,9.7,6.3,27.7
479,2019.0,6.0,4,2.833847767449356,26.8,9.0,11.7,27.7
480,2019.0,6.0,5,2.824447017753319,28.9,10.5,6.8,27.7
481,2019.0,6.0,6,2.8323640918196284,34.7,12.3,3.5,27.7
482,2019.0,6.0,7,2.8378888331514536,34.6,12.0,3.9,27.7
483,2019.0,6.0,8,2.8422333060012166,31.0,10.0,3.6,27.7
484,2019.0,6.0,9,2.8436669355713096,32.9,10.6,3.4,27.7
485,2019.0,6.0,10,2.851773424592479,31.7,9.5,4.0,27.6
486,2019.0,6.0,11,2.8482771546849124,32.2,10.0,6.7,27.6
487,2019.0,6.0,12,2.8465127961522025,32.9,10.0,9.3,27.7
488,2019.0,6.0,13,2.840431108564065,32.3,10.7,6.3,27.7
489,2019.0,6.0,14,2.852813981438893,34.8,10.4,5.6,27.6
490,2019.0,6.0,15,2.861339986636897,34.5,9.3,6.8,27.6
491,2019.0,6.0,16,2.8636819391054877,35.0,9.5,4.6,27.6
492,2019.0,6.0,17,2.8596551972372626,31.5,8.6,6.4,27.7
493,2019.0,6.0,18,2.849330551206548,33.4,10.1,5.3,27.7
494,2019.0,6.0,19,2.8407924567104685,34.7,11.4,6.5,27.7
495,2019.0,6.0,20,2.833847767449356,30.5,10.7,12.1,27.7
496,2019.0,6.0,21,2.829373614748556,26.6,9.2,15.0,27.7
497,2019.0,6.0,22,2.8278666672891197,29.8,10.7,12.3,27.7
498,2019.0,6.0,23,2.8255914007085328,29.6,11.0,8.5,27.7
499,2019.0,6.0,24,2.83458674599358,30.0,10.3,4.3,27.7
500,2019.0,6.0,25,2.847925155344153,31.3,9.8,6.2,27.7
501,2019.0,6.0,26,2.852467552253615,27.1,7.9,9.6,27.7
502,2019.0,6.0,27,2.8496808194392167,25.9,7.6,6.4,27.6
503,2019.0,6.0,28,2.853159988773648,26.8,7.8,5.6,27.6
504,2019.0,7.0,1,2.8482771546849124,29.4,8.8,5.1,27.6
505,2019.0,7.0,2,2.8418737730996004,34.7,11.5,6.8,27.6
506,2019.0,7.0,3,2.8465127961522025,30.8,9.6,13.0,27.6
507,2019.0,7.0,4,2.844381063420932,29.8,9.5,10.8,27.6
508,2019.0,7.0,5,2.8465127961522025,27.0,8.3,10.8,27.6
509,2019.0,7.0,6,2.8514257242396055,27.5,8.0,7.2,27.5
510,2019.0,7.0,7,2.852467552253615,30.0,9.1,3.5,27.5
511,2019.0,7.0,8,2.858978461105445,29.4,8.1,4.2,27.6
512,2019.0,7.0,9,2.850030657306303,29.5,8.7,9.4,27.6
513,2019.0,7.0,10,2.8411533494890904,28.2,8.9,11.3,27.5
514,2019.0,7.0,11,2.838981141379231,29.3,9.8,9.7,27.6
515,2019.0,7.0,12,2.8393443214661636,25.5,8.1,10.3,27.6
516,2019.0,7.0,13,2.8400693040064153,27.3,8.7,9.8,27.6
517,2019.0,7.0,14,2.838981141379231,28.3,9.2,9.3,27.6
518,2019.0,7.0,15,2.8378888331514536,27.9,8.9,7.2,27.6
519,2019.0,7.0,16,2.8393443214661636,34.1,11.4,7.9,27.6
520,2019.0,7.0,17,2.838981141379231,36.8,12.4,8.2,27.6
521,2019.0,7.0,18,2.8364259237500304,35.2,11.9,10.5,27.6
522,2019.0,7.0,19,2.851077598282153,37.6,11.8,19.0,27.6
523,2019.0,7.0,20,2.837523804204853,37.1,12.8,12.6,27.6
524,2019.0,7.0,21,2.8378888331514536,35.7,12.5,10.3,27.6
525,2019.0,7.0,22,2.8418737730996004,35.1,11.4,9.6,27.6
526,2019.0,7.0,23,2.8496808194392167,36.1,11.3,11.5,27.6
527,2019.0,7.0,24,2.847925155344153,35.3,11.5,9.0,27.6
528,2019.0,7.0,25,2.847925155344153,40.3,14.8,7.1,27.6
529,2019.0,7.0,26,2.8465127961522025,33.9,11.0,8.4,27.6
530,2019.0,7.0,27,2.8433092014382897,36.4,12.0,7.3,27.5
531,2019.0,7.0,28,2.845093410784889,42.5,15.4,6.4,27.5
532,2019.0,8.0,1,2.85453981818324,43.2,15.4,4.4,27.6
533,2019.0,8.0,2,2.85453981818324,43.3,14.8,5.9,27.6
534,2019.0,8.0,3,2.8482771546849124,35.3,11.3,13.2,27.6
535,2019.0,8.0,4,2.840431108564065,43.1,16.4,6.7,27.6
536,2019.0,8.0,5,2.8418737730996004,38.2,13.6,8.0,27.6
537,2019.0,8.0,6,2.8418737730996004,39.2,14.1,9.1,27.6
538,2019.0,8.0,7,2.840431108564065,40.8,15.4,10.3,27.6
539,2019.0,8.0,8,2.838617500672363,36.5,12.8,12.7,27.6
540,2019.0,8.0,9,2.838253398284604,34.4,12.0,12.8,27.6
541,2019.0,8.0,10,2.8364259237500304,38.2,14.1,10.0,27.6
542,2019.0,8.0,11,2.834217494068118,37.5,13.9,9.7,27.6
543,2019.0,8.0,12,2.8331068856951207,34.8,13.2,10.8,27.6
544,2019.0,8.0,13,2.844024222561216,35.9,11.7,15.7,27.6
545,2019.0,8.0,14,2.842592387674533,37.6,12.8,13.2,27.6
546,2019.0,8.0,15,2.8454489192984265,38.3,12.8,12.1,27.6
547,2019.0,8.0,16,2.8436669355713096,38.1,13.2,11.0,27.7
548,2019.0,8.0,17,2.833847767449356,34.7,12.5,12.5,27.6
549,2019.0,8.0,18,2.831619376851054,38.9,15.3,6.5,27.7
550,2019.0,8.0,19,2.8367923505811703,44.4,18.2,3.9,27.7
551,2019.0,8.0,20,2.8349555243302698,45.5,19.5,4.8,27.7
552,2019.0,8.0,21,2.8334775650290296,43.0,17.7,4.3,27.7
553,2019.0,8.0,22,2.838253398284604,44.5,17.5,4.6,27.7
554,2019.0,8.0,23,2.8418737730996004,39.1,14.0,5.9,27.7
555,2019.0,8.0,24,2.835691664636864,42.8,16.4,4.9,27.7
556,2019.0,8.0,25,2.8393443214661636,37.4,13.6,5.6,27.7
557,2019.0,8.0,26,2.835691664636864,41.5,17.0,5.1,27.7
558,2019.0,8.0,27,2.838253398284604,45.2,18.2,3.0,27.7
559,2019.0,8.0,28,2.840431108564065,44.5,17.5,4.6,27.6
560,2019.0,9.0,1,2.845803985700394,40.3,14.4,6.3,27.6
561,2019.0,9.0,2,2.847219850073062,45.8,17.3,4.2,27.7
562,2019.0,9.0,3,2.8454489192984265,45.8,17.5,4.6,27.6
563,2019.0,9.0,4,2.8436669355713096,44.6,17.4,4.4,27.6
564,2019.0,9.0,5,2.844381063420932,45.8,18.5,3.8,27.6
565,2019.0,9.0,6,2.8496808194392167,47.6,17.7,3.6,27.6
566,2019.0,9.0,7,2.8407924567104685,46.3,18.3,5.0,27.6
567,2019.0,9.0,8,2.832735728331845,45.2,19.0,6.0,27.7
568,2019.0,9.0,9,2.8271102338925704,42.6,17.2,6.4,27.7
569,2019.0,9.0,10,2.8225296011263414,44.8,20.0,6.5,27.7
570,2019.0,9.0,11,2.816700095618128,45.6,22.1,6.5,27.7
571,2019.0,9.0,12,2.817092390303895,44.9,22.0,6.8,27.8
572,2019.0,9.0,13,2.8202118284949615,46.1,21.8,4.2,27.8
573,2019.0,9.0,14,2.83049868257226,45.5,19.6,5.0,27.8
574,2019.0,9.0,15,2.83049868257226,44.6,19.1,5.8,27.8
575,2019.0,9.0,16,2.8297491252168223,43.9,19.3,4.5,27.8
576,2019.0,9.0,17,2.8297491252168223,47.4,21.0,3.3,27.8
577,2019.0,9.0,18,2.825971857767347,43.6,18.6,4.0,27.8
578,2019.0,9.0,19,2.826731273170724,40.5,16.8,8.6,27.8
579,2019.0,9.0,20,2.8205994124761498,40.0,17.2,7.1,27.8
580,2019.0,9.0,21,2.8236815739258434,42.3,18.5,5.0,27.7
581,2019.0,9.0,22,2.8198237261796764,34.6,14.7,7.1,27.7
582,2019.0,9.0,23,2.8155200274009022,40.7,19.2,6.3,27.8
583,2019.0,9.0,24,2.826351814857846,44.9,19.5,4.3,27.8
584,2019.0,9.0,25,2.822914101295301,43.0,19.2,5.8,27.8
585,2019.0,9.0,26,2.8139391245822436,48.8,25.3,4.8,27.8
586,2019.0,9.0,27,2.816700095618128,58.2,34.3,4.0,27.8
587,2019.0,9.0,28,2.822914101295301,55.0,30.1,4.3,27.8
588,2019.0,10.0,1,2.822914101295301,47.6,21.8,3.0,27.8
589,2019.0,10.0,2,2.8186562966174384,47.7,23.3,3.2,27.8
590,2019.0,10.0,3,2.8252104424865894,47.1,21.3,3.4,27.8
591,2019.0,10.0,4,2.825971857767347,45.5,20.5,4.4,27.8
592,2019.0,10.0,5,2.8182661083317098,51.0,25.8,6.1,27.8
593,2019.0,10.0,6,2.816700095618128,50.5,26.6,4.9,27.8
594,2019.0,10.0,7,2.813145444339004,49.0,25.4,6.6,27.8
595,2019.0,10.0,8,2.8050876690334223,57.8,39.4,5.8,27.9
596,2019.0,10.0,9,2.801801408378477,55.5,34.9,4.7,27.9
597,2019.0,10.0,10,2.8059035104224495,52.8,32.0,3.7,27.9
598,2019.0,10.0,11,2.8054958737462408,45.8,24.7,5.3,27.9
599,2019.0,10.0,12,2.7984779511452453,44.5,24.1,3.1,27.8
600,2019.0,10.0,13,2.7972219083285252,43.9,23.7,4.8,27.8
601,2019.0,10.0,14,2.796381559900016,51.6,32.9,5.8,27.9
602,2019.0,10.0,15,2.7912885506220912,49.4,31.8,3.8,27.9
603,2019.0,10.0,16,2.787843777345429,50.3,34.5,3.6,27.9
604,2019.0,10.0,17,2.781274896100079,43.4,26.8,3.0,28.0
605,2019.0,10.0,18,2.78567026646399,40.5,23.4,5.3,27.9
606,2019.0,10.0,19,2.781274896100079,43.3,26.6,5.4,27.9
607,2019.0,10.0,20,2.778606143456388,46.0,29.5,3.2,27.9
608,2019.0,10.0,21,2.783040856184201,45.2,28.4,3.2,27.9
609,2019.0,10.0,22,2.783040856184201,41.8,24.9,4.6,27.9
610,2019.0,10.0,23,2.784796381761399,38.5,22.4,4.3,27.9
611,2019.0,10.0,24,2.78567026646399,41.5,24.1,3.8,27.9
612,2019.0,10.0,25,2.784796381761399,40.5,23.0,3.1,27.8
613,2019.0,10.0,26,2.7882765729536465,42.4,24.7,4.0,27.8
614,2019.0,10.0,27,2.7921435107184345,40.0,21.7,6.0,27.8
615,2019.0,10.0,28,2.7900014561014985,43.8,26.8,7.1,27.8
616,2019.0,11.0,1,2.7490476170795883,50.6,43.7,6.1,27.9
617,2019.0,11.0,2,2.7568338329499102,52.0,42.1,6.1,27.9
618,2019.0,11.0,3,2.781274896100079,51.0,35.5,6.0,27.9
619,2019.0,11.0,4,2.7826003487846673,47.7,31.3,6.2,27.9
620,2019.0,11.0,5,2.769994045810735,49.9,36.3,5.1,27.9
621,2019.0,11.0,6,2.7544220919696145,50.3,41.8,3.6,27.9
622,2019.0,11.0,7,2.763015609867432,45.2,32.3,3.4,27.9
623,2019.0,11.0,8,2.775462083824357,42.3,26.2,5.3,27.9
624,2019.0,11.0,9,2.7709123548264962,43.0,28.5,4.3,27.9
625,2019.0,11.0,10,2.754905982154039,49.3,39.4,6.2,27.9
626,2019.0,11.0,11,2.733887878295239,52.8,50.7,6.7,28.0
627,2019.0,11.0,12,2.7206547558223684,49.4,50.5,3.0,28.0
628,2019.0,11.0,13,2.703417083067888,45.8,48.9,2.3,28.0
629,2019.0,11.0,14,2.7201134161897933,50.0,53.5,3.0,28.0
630,2019.0,11.0,15,2.703417083067888,48.8,52.6,4.6,27.9
631,2019.0,11.0,16,2.69996752143799,46.8,50.4,6.8,27.9
632,2019.0,11.0,17,2.703417083067888,43.3,45.5,6.5,27.9
633,2019.0,11.0,18,2.7056957812442577,57.6,72.8,6.0,27.9
634,2019.0,11.0,19,2.6632165178644285,56.3,86.5,7.2,28.0
635,2019.0,11.0,20,2.6458702731196286,37.5,51.3,8.8,28.0
636,2019.0,11.0,21,2.62020282348438,32.8,47.3,6.4,28.0
637,2019.0,11.0,22,2.626084222098704,34.7,49.9,2.7,28.1
638,2019.0,11.0,23,2.673441574839969,36.7,42.5,5.4,28.0
639,2019.0,11.0,24,2.6953080848953253,44.4,47.3,7.5,28.0
640,2019.0,11.0,25,2.6857763105101826,54.2,71.7,5.1,27.9
641,2019.0,11.0,26,2.701121614682359,54.8,67.9,3.5,28.0
642,2019.0,11.0,27,2.7079579301726606,53.6,63.1,2.8,28.0
643,2019.0,11.0,28,2.717392397354719,52.0,55.7,5.3,28.0
644,2019.0,12.0,1,2.7140952628207784,49.1,53.6,3.6,28.0
645,2019.0,12.0,2,2.724417766824761,43.0,38.5,6.6,27.9
646,2019.0,12.0,3,2.701697066230312,43.2,44.0,6.7,27.9
647,2019.0,12.0,4,2.6759472726238784,41.8,48.0,3.7,28.0
648,2019.0,12.0,5,2.680899995052976,43.1,48.9,5.1,28.0
649,2019.0,12.0,6,2.7107626737949446,41.1,39.6,8.8,28.0
650,2019.0,12.0,7,2.7079579301726606,42.7,44.8,8.5,27.9
651,2019.0,12.0,8,2.6683700879291035,51.2,70.3,5.7,27.9
652,2019.0,12.0,9,2.658637892726461,49.3,68.5,5.3,28.0
653,2019.0,12.0,10,2.6964794618286514,60.4,82.8,6.4,27.9
654,2019.0,12.0,11,2.6953080848953253,55.7,71.7,4.5,27.9
655,2019.0,12.0,12,2.680899995052976,47.8,60.6,5.3,27.9
656,2019.0,12.0,13,2.7195711259038933,47.5,45.6,8.8,27.9
657,2019.0,12.0,14,2.695894320807052,38.8,38.6,5.4,28.0
658,2019.0,12.0,15,2.6953080848953253,53.7,66.6,7.2,27.9
659,2019.0,12.0,16,2.70054510093904,59.4,77.6,7.1,27.9
660,2019.0,12.0,17,2.641035842035006,47.2,70.9,11.5,28.0
661,2019.0,12.0,18,2.6389416079116423,40.5,56.9,7.2,28.1
662,2019.0,12.0,19,2.626812005286512,38.1,55.0,8.8,28.2
663,2019.0,12.0,20,2.6224207680030505,35.3,51.8,7.0,28.1
664,2019.0,12.0,21,2.611177851252668,32.2,47.9,3.4,28.1
665,2019.0,12.0,22,2.609649291405666,32.3,48.1,2.0,28.1
666,2019.0,12.0,23,2.618715800122827,32.1,46.6,2.0,28.0
667,2019.0,12.0,24,2.6479202093280323,35.5,44.9,2.0,28.0
668,2019.0,12.0,25,2.6632165178644285,36.3,42.4,5.1,28.0
669,2019.0,12.0,26,2.6796690619981827,39.1,43.2,4.3,27.9
670,2019.0,12.0,27,2.691767466983473,40.7,43.5,3.5,27.9
671,2019.0,12.0,28,2.673441574839969,37.4,41.6,5.3,27.9
672,2020.0,1.0,1,2.662566429627837,35.6,40.4,6.1,27.9
673,2020.0,1.0,2,2.6821261531020335,39.3,41.1,6.6,27.9
674,2020.0,1.0,3,2.7307635187618136,45.9,41.9,6.6,27.9
675,2020.0,1.0,4,2.7286627923975857,47.6,42.9,6.8,27.9
676,2020.0,1.0,5,2.6311449022950377,51.9,86.8,4.7,27.9
677,2020.0,1.0,6,2.6088823422958147,44.1,73.5,4.1,28.1
678,2020.0,1.0,7,2.6194601557791057,41.3,65.4,2.7,28.1
679,2020.0,1.0,8,2.65532688500056,38.3,48.4,6.3,27.9
680,2020.0,1.0,9,2.6632165178644285,42.1,52.1,4.4,27.9
681,2020.0,1.0,10,2.647238344553201,40.5,57.2,4.7,27.8
682,2020.0,1.0,11,2.6126993430222365,32.9,48.1,10.8,27.9
683,2020.0,1.0,12,2.601113160870604,30.6,46.0,9.5,28.1
684,2020.0,1.0,13,2.6034631642382795,31.7,49.2,3.4,28.1
685,2020.0,1.0,14,2.6142138257852756,28.6,39.7,10.2,28.1
686,2020.0,1.0,15,2.5833517013610763,29.4,46.6,4.6,28.2
687,2020.0,1.0,16,2.6149684570538536,35.3,52.5,4.3,28.1
688,2020.0,1.0,17,2.6606081924850358,36.2,44.3,8.9,28.0
689,2020.0,1.0,18,2.685170876576267,35.9,36.3,6.0,27.9
690,2020.0,1.0,19,2.6690084637488334,42.1,50.2,5.0,27.9
691,2020.0,1.0,20,2.6566553948683835,38.5,48.9,3.3,28.0
692,2020.0,1.0,21,2.662566429627837,37.7,45.7,7.7,27.9
693,2020.0,1.0,22,2.6702813867312254,33.8,35.8,11.3,27.9
694,2020.0,1.0,23,2.618715800122827,28.2,37.6,10.1,28.0
695,2020.0,1.0,24,2.6104144585589237,31.1,45.5,3.4,28.0
696,2020.0,1.0,25,2.6164725355093768,27.1,36.9,9.8,28.1
697,2020.0,1.0,26,2.5791795335228778,28.6,46.8,13.4,28.2
698,2020.0,1.0,27,2.5931571837448764,30.4,48.8,6.0,28.2
699,2020.0,1.0,28,2.6081136036863155,31.5,47.0,1.8,28.1
700,2020.0,2.0,1,2.6796690619981827,30.6,30.2,9.3,27.9
701,2020.0,2.0,2,2.634712089385762,27.0,34.0,3.8,28.1
702,2020.0,2.0,3,2.629706998673886,30.3,38.5,4.0,28.1
703,2020.0,2.0,4,2.652653251792001,32.1,39.1,5.3,28.0
704,2020.0,2.0,5,2.6839565102255496,36.0,36.1,6.1,28.0
705,2020.0,2.0,6,2.7079579301726606,37.1,33.8,6.7,28.0
706,2020.0,2.0,7,2.724417766824761,38.8,32.6,5.4,27.9
707,2020.0,2.0,8,2.73232967917982,39.0,31.0,6.5,27.9
708,2020.0,2.0,9,2.691767466983473,34.4,32.0,7.3,28.0
709,2020.0,2.0,10,2.6389416079116423,32.5,40.5,5.9,28.0
710,2020.0,2.0,11,2.5866523423031844,25.2,39.8,10.8,28.1
711,2020.0,2.0,12,2.546585607710297,14.5,30.2,8.0,28.2
712,2020.0,2.0,13,2.5931571837448764,23.0,35.1,2.0,28.2
713,2020.0,2.0,14,2.6592960079213457,28.5,33.2,3.1,28.1
714,2020.0,2.0,15,2.6765706157588394,30.6,32.6,2.6,28.1
715,2020.0,2.0,16,2.6947207503710304,23.3,23.8,8.0,27.9
716,2020.0,2.0,17,2.7249516087637384,26.2,19.3,6.7,27.9
717,2020.0,2.0,18,2.727607016598762,27.1,19.9,8.1,27.9
718,2020.0,2.0,19,2.7510130202488097,33.2,21.8,10.5,27.8
719,2020.0,2.0,20,2.7195711259038933,40.6,35.6,11.8,27.9
720,2020.0,2.0,21,2.6802851275083537,36.4,39.4,4.5,28.0
721,2020.0,2.0,22,2.7096438119792228,36.5,33.6,5.3,28.0
722,2020.0,2.0,23,2.7318085139353263,46.6,41.0,7.2,28.0
723,2020.0,2.0,24,2.752965759518957,50.6,44.7,10.4,27.9
724,2020.0,2.0,25,2.766757621238954,40.3,26.7,9.1,27.8
725,2020.0,2.0,26,2.6964794618286514,29.8,26.8,13.6,28.0
726,2020.0,2.0,27,2.6857763105101826,36.3,38.0,6.8,28.1
727,2020.0,2.0,28,2.697646474000122,37.1,36.1,2.3,28.0
728,2020.0,3.0,1,2.748554270056079,34.9,23.8,6.6,27.8
729,2020.0,3.0,2,2.693542770503036,30.5,28.1,10.9,28.0
730,2020.0,3.0,3,2.679051794281333,29.6,30.6,4.1,28.0
731,2020.0,3.0,4,2.688186478933527,34.1,34.5,2.8,28.0
732,2020.0,3.0,5,2.7022714591280375,36.5,34.3,2.1,28.0
733,2020.0,3.0,6,2.727607016598762,34.3,27.6,4.3,27.9
734,2020.0,3.0,7,2.7495401632602823,31.1,20.7,9.1,27.9
735,2020.0,3.0,8,2.717392397354719,33.6,27.4,10.5,27.9
736,2020.0,3.0,9,2.697646474000122,37.7,36.4,7.2,27.9
737,2020.0,3.0,10,2.7068289107194055,38.1,36.3,2.8,28.0
738,2020.0,3.0,11,2.7201134161897933,35.6,29.8,3.3,28.0
739,2020.0,3.0,12,2.7281353578912504,32.4,25.7,5.3,27.9
740,2020.0,3.0,13,2.739534332928098,25.8,17.6,10.1,27.9
741,2020.0,3.0,14,2.753451982914416,36.9,24.9,10.2,27.8
742,2020.0,3.0,15,2.731286461377497,44.2,37.8,8.2,27.8
743,2020.0,3.0,16,2.7281353578912504,43.5,37.7,6.0,27.9
744,2020.0,3.0,17,2.741561979897901,45.1,37.3,6.3,27.9
745,2020.0,3.0,18,2.768148939966577,45.3,30.6,8.9,27.8
746,2020.0,3.0,19,2.7364673831901682,41.9,33.4,8.3,27.8
747,2020.0,3.0,20,2.7374931245220147,43.5,34.7,5.3,27.8
748,2020.0,3.0,21,2.7539374263089322,40.5,33.8,6.2,27.7
749,2020.0,3.0,22,2.721195147820724,27.9,21.2,10.6,27.8
750,2020.0,3.0,23,2.688186478933527,26.8,26.3,6.7,27.9
751,2020.0,3.0,24,2.7079579301726606,29.7,26.5,3.8,27.9
752,2020.0,3.0,25,2.741561979897901,32.7,23.2,4.7,27.8
753,2020.0,3.0,26,2.7690729127890554,30.4,17.2,8.4,27.7
754,2020.0,3.0,27,2.775462083824357,34.8,19.8,9.3,27.7
755,2020.0,3.0,28,2.790860141331024,43.9,25.6,6.6,27.7
756,2020.0,4.0,1,2.766757621238954,31.7,18.2,11.8,27.9
757,2020.0,4.0,2,2.7874103484651083,35.5,18.9,6.1,27.8
758,2020.0,4.0,3,2.779052600052362,37.4,22.2,8.8,27.8
759,2020.0,4.0,4,2.7563530222836135,39.5,29.3,8.6,27.9
760,2020.0,4.0,5,2.7745576623122674,34.1,19.0,7.7,28.0
761,2020.0,4.0,6,2.7882765729536465,39.7,21.1,6.3,27.9
762,2020.0,4.0,7,2.7984779511452453,44.3,24.0,8.5,27.9
763,2020.0,4.0,8,2.807123026529431,42.9,22.2,7.5,27.8
764,2020.0,4.0,9,2.8205994124761498,41.8,20.4,10.6,27.7
765,2020.0,4.0,10,2.821759066938633,40.5,17.7,8.7,27.7
766,2020.0,4.0,11,2.7882765729536465,39.2,21.1,7.7,27.8
767,2020.0,4.0,12,2.755389099110301,43.2,30.1,8.2,27.8
768,2020.0,4.0,13,2.73232967917982,44.9,39.2,10.9,27.9
769,2020.0,4.0,14,2.7318085139353263,40.2,36.9,9.4,27.9
770,2020.0,4.0,15,2.7369806841210647,42.0,34.9,7.0,27.9
771,2020.0,4.0,16,2.745078217313197,53.5,50.9,5.3,27.9
772,2020.0,4.0,17,2.7653598228126284,51.0,39.1,8.0,27.8
773,2020.0,4.0,18,2.759702722757741,53.4,47.7,10.3,27.8
774,2020.0,4.0,19,2.7644243302512685,52.6,42.4,7.9,27.8
775,2020.0,4.0,20,2.755389099110301,57.0,51.1,6.8,27.8
776,2020.0,4.0,21,2.7254845267288883,59.4,68.5,7.0,27.9
777,2020.0,4.0,22,2.7601782290283263,56.4,53.6,5.7,27.8
778,2020.0,4.0,23,2.7912885506220912,52.8,39.5,5.5,27.8
779,2020.0,4.0,24,2.803038074416686,50.5,31.8,5.0,27.8
780,2020.0,4.0,25,2.8174841564585478,47.9,25.1,9.1,27.7
781,2020.0,4.0,26,2.809948947733825,41.9,21.4,9.9,27.7
782,2020.0,4.0,27,2.775010215488393,38.2,21.8,8.9,27.8
783,2020.0,4.0,28,2.784796381761399,41.3,24.2,7.0,27.8
784,2020.0,5.0,1,2.7942701452471135,48.2,29.9,7.8,27.8
785,2020.0,5.0,2,2.8075284053311758,42.5,22.9,10.3,27.7
786,2020.0,5.0,3,2.7955388077671905,33.3,16.3,7.6,27.8
787,2020.0,5.0,4,2.7984779511452453,38.4,20.2,5.4,27.9
788,2020.0,5.0,5,2.8205994124761498,40.6,18.0,10.4,27.8
789,2020.0,5.0,6,2.812349597326892,50.6,28.9,9.4,27.8
790,2020.0,5.0,7,2.7891402710537827,37.0,18.8,10.0,27.9
791,2020.0,5.0,8,2.78567026646399,39.5,22.2,6.5,27.9
792,2020.0,5.0,9,2.8182661083317098,42.5,18.9,8.9,27.8
793,2020.0,5.0,10,2.816700095618128,48.5,23.7,10.3,27.8
794,2020.0,5.0,11,2.8001443769800063,46.4,24.8,10.4,27.9
795,2020.0,5.0,12,2.8013880260025874,44.2,24.6,4.5,27.9
796,2020.0,5.0,13,2.7993123444004406,35.3,17.5,7.9,27.9
797,2020.0,5.0,14,2.7993123444004406,35.5,17.3,7.5,27.8
798,2020.0,5.0,15,2.80262643110765,38.0,18.6,5.8,27.8
799,2020.0,5.0,16,2.8115515727903926,43.5,21.8,3.3,27.8
800,2020.0,5.0,17,2.817875395372526,42.8,20.3,3.7,27.8
801,2020.0,5.0,18,2.821373030450021,41.4,18.9,4.9,27.8
802,2020.0,5.0,19,2.8225296011263414,42.5,18.2,5.9,27.8
803,2020.0,5.0,20,2.8255914007085328,46.5,20.8,4.4,27.7
804,2020.0,5.0,21,2.8248289819025567,37.7,16.1,6.3,27.7
805,2020.0,5.0,22,2.8155200274009022,33.9,14.7,5.8,27.8
806,2020.0,5.0,23,2.8174841564585478,40.5,18.0,4.0,27.8
807,2020.0,5.0,24,2.8255914007085328,40.3,17.1,4.4,27.7
808,2020.0,5.0,25,2.8312462961364693,38.6,14.6,6.7,27.8
809,2020.0,5.0,26,2.811151740568222,45.2,23.3,7.0,27.9
810,2020.0,5.0,27,2.816700095618128,41.3,18.9,5.3,27.8
811,2020.0,5.0,28,2.829373614748556,39.5,16.3,5.5,27.8
812,2020.0,6.0,1,2.8331068856951207,43.4,18.2,3.8,27.7
813,2020.0,6.0,2,2.8400693040064153,40.1,14.0,3.8,27.7
814,2020.0,6.0,3,2.8468665421852237,46.9,17.8,5.2,27.7
815,2020.0,6.0,4,2.8422333060012166,42.7,15.5,7.0,27.7
816,2020.0,6.0,5,2.844024222561216,38.5,13.3,7.9,27.8
817,2020.0,6.0,6,2.8429510191459,37.6,13.0,9.7,27.7
818,2020.0,6.0,7,2.8360590287972927,42.2,16.5,5.3,27.7
819,2020.0,6.0,8,2.8400693040064153,47.4,19.1,3.3,27.7
820,2020.0,6.0,9,2.847925155344153,42.3,14.8,6.8,27.7
821,2020.0,6.0,10,2.8447374591600583,45.2,17.0,3.3,27.7
822,2020.0,6.0,11,2.8461586109872496,43.2,16.0,4.5,27.6
823,2020.0,6.0,12,2.844381063420932,40.7,14.4,4.7,27.6
824,2020.0,6.0,13,2.8367923505811703,41.6,16.1,5.6,27.7
825,2020.0,6.0,14,2.8297491252168223,41.9,17.4,5.6,27.7
826,2020.0,6.0,15,2.8378888331514536,46.1,19.0,2.8,27.7
827,2020.0,6.0,16,2.851077598282153,41.4,14.9,4.8,27.6
828,2020.0,6.0,17,2.851077598282153,39.3,13.0,7.3,27.6
829,2020.0,6.0,18,2.838253398284604,34.7,12.5,9.8,27.6
830,2020.0,6.0,19,2.832735728331845,32.5,11.5,9.1,27.6
831,2020.0,6.0,20,2.830124147441232,41.5,16.6,4.1,27.6
832,2020.0,6.0,21,2.824447017753319,43.3,18.7,6.3,27.7
833,2020.0,6.0,22,2.821759066938633,37.0,15.4,12.4,27.7
834,2020.0,6.0,23,2.8312462961364693,33.2,12.7,13.2,27.7
835,2020.0,6.0,24,2.8232980918204,29.7,10.9,10.1,27.7
836,2020.0,6.0,25,2.828244142316647,33.7,12.0,11.5,27.7
837,2020.0,6.0,26,2.833847767449356,34.2,12.3,9.3,27.6
838,2020.0,6.0,27,2.838981141379231,32.7,11.7,9.1,27.6
839,2020.0,6.0,28,2.840431108564065,40.6,15.4,4.3,27.6
840,2020.0,7.0,1,2.847219850073062,45.7,17.0,3.7,27.5
841,2020.0,7.0,2,2.850030657306303,43.6,15.3,6.9,27.5
842,2020.0,7.0,3,2.844381063420932,49.2,21.7,6.1,27.6
843,2020.0,7.0,4,2.847925155344153,47.1,17.6,4.3,27.6
844,2020.0,7.0,5,2.851077598282153,46.3,17.4,3.3,27.5
845,2020.0,7.0,6,2.851773424592479,45.2,16.8,3.5,27.5
846,2020.0,7.0,7,2.8579603131658615,43.6,14.7,4.3,27.5
847,2020.0,7.0,8,2.852467552253615,39.9,13.2,8.7,27.5
848,2020.0,7.0,9,2.848628719795529,37.9,12.3,7.4,27.6
849,2020.0,7.0,10,2.849330551206548,40.0,13.8,8.8,27.6
850,2020.0,7.0,11,2.851077598282153,41.0,13.5,9.8,27.5
851,2020.0,7.0,12,2.8503800657661573,42.9,15.3,8.7,27.5
852,2020.0,7.0,13,2.8535055751888976,43.2,14.4,7.1,27.5
853,2020.0,7.0,14,2.85453981818324,46.5,15.8,4.7,27.6
854,2020.0,7.0,15,2.8586394851732746,50.4,17.7,4.0,27.6
855,2020.0,7.0,16,2.85453981818324,44.8,15.5,7.5,27.5
856,2020.0,7.0,17,2.850030657306303,40.3,13.7,7.5,27.5
857,2020.0,7.0,18,2.847572720799257,36.3,12.3,9.5,27.5
858,2020.0,7.0,19,2.8447374591600583,46.7,18.0,4.8,27.6
859,2020.0,7.0,20,2.856597063703796,45.9,16.7,7.6,27.6
860,2020.0,7.0,21,2.862346060061376,34.4,9.4,14.3,27.5
861,2020.0,7.0,22,2.8552272258506526,42.3,13.8,7.8,27.5
862,2020.0,7.0,23,2.8436669355713096,60.6,30.4,9.2,27.5
863,2020.0,7.0,24,2.849330551206548,56.3,24.6,5.8,27.6
864,2020.0,7.0,25,2.8482771546849124,58.0,26.0,6.6,27.6
865,2020.0,7.0,26,2.845093410784889,58.3,27.0,6.3,27.6
866,2020.0,7.0,27,2.850729045774045,55.7,24.0,4.0,27.6
867,2020.0,7.0,28,2.85591297193346,52.0,20.0,4.8,27.6
868,2020.0,8.0,1,2.8653429409783024,50.5,17.7,4.5,27.5
869,2020.0,8.0,2,2.867652016278214,50.7,17.1,4.8,27.5
870,2020.0,8.0,3,2.856938491481734,43.6,14.3,9.9,27.6
871,2020.0,8.0,4,2.8496808194392167,39.5,13.7,9.2,27.5
872,2020.0,8.0,5,2.8461586109872496,37.5,12.4,12.4,27.5
873,2020.0,8.0,6,2.8397070419905868,35.2,12.0,13.6,27.6
874,2020.0,8.0,7,2.8422333060012166,36.9,12.5,11.8,27.6
875,2020.0,8.0,8,2.8433092014382897,40.3,14.3,8.7,27.5
876,2020.0,8.0,9,2.840431108564065,40.6,15.3,6.6,27.6
877,2020.0,8.0,10,2.835691664636864,36.1,13.0,11.1,27.6
878,2020.0,8.0,11,2.83049868257226,34.4,12.4,13.2,27.6
879,2020.0,8.0,12,2.8286211244588313,39.1,15.3,8.5,27.6
880,2020.0,8.0,13,2.8312462961364693,39.2,15.1,8.5,27.6
881,2020.0,8.0,14,2.837158310373167,40.4,15.1,9.1,27.5
882,2020.0,8.0,15,2.838617500672363,40.9,15.1,8.4,27.5
883,2020.0,8.0,16,2.838253398284604,44.3,17.5,6.1,27.6
884,2020.0,8.0,17,2.8393443214661636,40.0,14.7,8.6,27.6
885,2020.0,8.0,18,2.8319919750350966,35.7,13.1,9.8,27.6
886,2020.0,8.0,19,2.824447017753319,34.8,14.2,7.4,27.6
887,2020.0,8.0,20,2.8278666672891197,35.7,14.3,7.1,27.6
888,2020.0,8.0,21,2.8378888331514536,41.8,16.7,5.8,27.6
889,2020.0,8.0,22,2.8454489192984265,44.4,16.7,4.3,27.6
890,2020.0,8.0,23,2.8555703061345405,43.1,14.7,6.0,27.5
891,2020.0,8.0,24,2.851077598282153,44.1,15.5,9.0,27.5
892,2020.0,8.0,25,2.842592387674533,47.8,19.1,5.2,27.6
893,2020.0,8.0,26,2.8367923505811703,47.2,19.7,4.8,27.6
894,2020.0,8.0,27,2.8334775650290296,45.5,19.3,4.1,27.6
895,2020.0,8.0,28,2.828244142316647,42.1,18.3,5.4,27.6
896,2020.0,9.0,1,2.829373614748556,53.4,26.0,5.8,27.7
897,2020.0,9.0,2,2.83458674599358,49.5,21.7,6.0,27.8
898,2020.0,9.0,3,2.829373614748556,48.0,21.7,3.5,27.8
899,2020.0,9.0,4,2.8334775650290296,43.2,17.6,5.3,27.7
900,2020.0,9.0,5,2.833847767449356,41.9,17.0,5.0,27.7
901,2020.0,9.0,6,2.8331068856951207,44.3,18.3,5.1,27.7
902,2020.0,9.0,7,2.826731273170724,41.6,17.3,5.7,27.7
903,2020.0,9.0,8,2.821759066938633,45.6,20.6,3.6,27.8
904,2020.0,9.0,9,2.828244142316647,45.5,19.9,2.9,27.7
905,2020.0,9.0,10,2.8312462961364693,43.1,17.5,3.9,27.7
906,2020.0,9.0,11,2.8349555243302698,41.5,16.1,4.4,27.7
907,2020.0,9.0,12,2.8289976148820175,36.5,14.2,8.9,27.7
908,2020.0,9.0,13,2.825971857767347,45.5,19.9,3.5,27.8
909,2020.0,9.0,14,2.8274886982058898,44.0,18.8,3.3,27.7
910,2020.0,9.0,15,2.8331068856951207,39.0,15.1,5.7,27.7
911,2020.0,9.0,16,2.826351814857846,40.8,16.8,4.8,27.7
912,2020.0,9.0,17,2.822914101295301,43.1,18.8,2.8,27.8
913,2020.0,9.0,18,2.8225296011263414,45.2,20.6,2.9,27.8
914,2020.0,9.0,19,2.817875395372526,41.5,19.1,5.0,27.7
915,2020.0,9.0,20,2.817092390303895,37.9,16.8,6.3,27.7
916,2020.0,9.0,21,2.8255914007085328,33.5,13.5,12.1,27.7
917,2020.0,9.0,22,2.8135425546375212,46.1,27.2,7.2,27.7
918,2020.0,9.0,23,2.8159139154685655,36.6,15.6,6.6,27.7
919,2020.0,9.0,24,2.8159139154685655,36.9,15.7,6.0,27.7
920,2020.0,9.0,25,2.817092390303895,44.3,21.6,5.3,27.8
921,2020.0,9.0,26,2.8163072711062256,44.5,21.4,2.7,27.7
922,2020.0,9.0,27,2.817092390303895,43.3,21.0,3.0,27.8
923,2020.0,9.0,28,2.810350429408769,42.9,20.1,6.8,27.8
924,2020.0,10.0,1,2.803038074416686,42.8,21.9,2.5,27.8
925,2020.0,10.0,2,2.8059035104224495,39.2,18.9,4.5,27.8
926,2020.0,10.0,3,2.7942701452471135,40.5,20.9,6.1,27.8
927,2020.0,10.0,4,2.7976411850351304,46.7,26.1,2.3,27.8
928,2020.0,10.0,5,2.80262643110765,44.9,24.0,2.8,27.8
929,2020.0,10.0,6,2.8059035104224495,42.4,20.8,3.4,27.8
930,2020.0,10.0,7,2.7988954436163738,40.6,20.5,6.0,27.9
931,2020.0,10.0,8,2.7900014561014985,40.1,22.1,4.1,27.9
932,2020.0,10.0,9,2.780387967854264,38.6,22.7,2.9,27.9
933,2020.0,10.0,10,2.771827855504262,33.5,19.0,6.6,27.9
934,2020.0,10.0,11,2.7582716877680467,35.7,22.7,4.4,27.9
935,2020.0,10.0,12,2.757313879286638,32.7,21.0,5.1,27.9
936,2020.0,10.0,13,2.7625445663603276,32.7,19.8,6.0,27.9
937,2020.0,10.0,14,2.7582716877680467,31.9,19.9,4.5,27.9
938,2020.0,10.0,15,2.763485916962384,33.3,21.2,4.3,27.9
939,2020.0,10.0,16,2.752478753845857,36.4,24.5,3.1,27.9
940,2020.0,10.0,17,2.757793163495255,37.9,25.6,3.0,27.9
941,2020.0,10.0,18,2.7808317624764136,34.2,18.2,4.8,27.9
942,2020.0,10.0,19,2.7510130202488097,31.2,20.5,5.9,27.9
943,2020.0,10.0,20,2.7495401632602823,31.7,21.8,6.6,27.9
944,2020.0,10.0,21,2.7510130202488097,32.4,22.0,5.5,27.9
945,2020.0,10.0,22,2.748060119824336,32.4,21.9,7.6,27.9
946,2020.0,10.0,23,2.754905982154039,30.3,19.5,8.8,27.9
947,2020.0,10.0,24,2.7344055214877634,32.5,24.3,2.7,27.9
948,2020.0,10.0,25,2.7349222909073068,38.3,29.7,2.8,27.9
949,2020.0,10.0,26,2.742066791780477,40.4,31.8,1.8,27.9
950,2020.0,10.0,27,2.741056330600517,41.6,32.2,1.4,27.9
951,2020.0,10.0,28,2.740549841364706,36.3,27.2,2.3,28.0
952,2020.0,11.0,1,2.741056330600517,41.4,32.9,3.4,28.0
953,2020.0,11.0,2,2.739534332928098,41.4,33.4,2.4,28.0
954,2020.0,11.0,3,2.7425707687608942,41.5,32.5,2.2,28.0
955,2020.0,11.0,4,2.738515434177318,40.8,31.8,1.6,27.9
956,2020.0,11.0,5,2.7374931245220147,38.5,30.3,1.8,27.9
957,2020.0,11.0,6,2.7400425096558156,37.0,28.5,4.3,27.9
958,2020.0,11.0,7,2.7465728260731335,38.4,27.5,6.3,27.9
959,2020.0,11.0,8,2.695894320807052,40.0,39.0,2.2,27.9
960,2020.0,11.0,9,2.757793163495255,51.2,39.8,4.6,28.0
961,2020.0,11.0,10,2.7601782290283263,51.0,40.6,5.1,27.9
962,2020.0,11.0,11,2.7658264789664537,49.9,38.0,4.1,27.9
963,2020.0,11.0,12,2.763485916962384,43.8,30.3,5.5,27.9
964,2020.0,11.0,13,2.738515434177318,50.6,45.6,7.5,28.0
965,2020.0,11.0,14,2.7124334432682042,46.0,47.1,5.5,28.0
966,2020.0,11.0,15,2.7168453080242037,41.5,38.0,4.4,27.9
967,2020.0,11.0,16,2.7475651640088032,47.4,38.9,7.8,27.9
968,2020.0,11.0,17,2.738004707006701,47.4,41.3,5.5,28.0
969,2020.0,11.0,18,2.723882998001523,54.8,59.0,6.2,28.0
970,2020.0,11.0,19,2.7228106679939468,46.9,44.7,5.3,28.0
971,2020.0,11.0,20,2.735438189225986,46.5,40.4,9.5,27.9
972,2020.0,11.0,21,2.747069400223735,41.5,31.0,8.8,27.9
973,2020.0,11.0,22,2.7168453080242037,43.7,40.3,8.0,28.0
974,2020.0,11.0,23,2.6993888725995094,40.0,39.5,5.0,28.0
975,2020.0,11.0,24,2.688786149215338,40.6,42.9,4.2,28.0
976,2020.0,11.0,25,2.6923603510541243,39.4,41.3,4.0,27.9
977,2020.0,11.0,26,2.717392397354719,36.0,30.0,6.8,27.9
978,2020.0,11.0,27,2.7195711259038933,43.7,39.6,8.7,28.0
979,2020.0,11.0,28,2.7051276667509883,57.1,71.9,6.3,28.0
980,2020.0,12.0,1,2.6728120469270897,58.5,88.9,4.7,28.0
981,2020.0,12.0,2,2.70054510093904,60.1,80.9,6.6,28.0
982,2020.0,12.0,3,2.7270777656878495,56.5,62.0,5.7,28.0
983,2020.0,12.0,4,2.7369806841210647,56.3,56.6,6.7,27.9
984,2020.0,12.0,5,2.724417766824761,57.3,65.2,8.8,27.9
985,2020.0,12.0,6,2.7135423120347935,42.6,40.1,11.0,27.9
986,2020.0,12.0,7,2.655991827825064,44.0,59.8,6.6,28.1
987,2020.0,12.0,8,2.6546605612112555,42.4,56.1,2.7,28.1
988,2020.0,12.0,9,2.674696897608595,40.8,48.5,2.4,28.0
989,2020.0,12.0,10,2.6702813867312254,41.5,50.1,6.6,28.0
990,2020.0,12.0,11,2.6499571862441496,42.5,57.5,3.2,28.1
991,2020.0,12.0,12,2.6546605612112555,39.4,50.2,2.8,28.1
992,2020.0,12.0,13,2.6546605612112555,40.0,51.4,1.8,28.1
993,2020.0,12.0,14,2.658637892726461,39.3,49.6,2.4,28.0
994,2020.0,12.0,15,2.6709159431343155,35.0,40.0,6.5,28.0
995,2020.0,12.0,16,2.6863805836919115,32.4,31.8,6.9,28.0
996,2020.0,12.0,17,2.69996752143799,39.0,38.1,5.0,28.0
997,2020.0,12.0,18,2.6715492355986328,46.8,59.5,5.7,28.0
998,2020.0,12.0,19,2.6592960079213457,47.4,65.3,5.9,28.1
999,2020.0,12.0,20,2.6546605612112555,46.6,64.2,4.0,28.1
1000,2020.0,12.0,21,2.653992851245191,44.7,61.4,3.0,28.1
1001,2020.0,12.0,22,2.657317591285993,41.4,52.5,2.3,28.1
1002,2020.0,12.0,23,2.679051794281333,40.7,45.7,4.0,28.0
1003,2020.0,12.0,24,2.6740698569118813,39.8,45.1,5.3,27.9
1004,2020.0,12.0,25,2.6458702731196286,38.3,50.1,6.1,28.1
1005,2020.0,12.0,26,2.6088823422958147,22.4,33.8,5.2,28.1
1006,2020.0,12.0,27,2.6050206017606428,25.8,39.0,3.3,28.1
1007,2020.0,12.0,28,2.6238910839119844,42.8,64.9,2.9,28.1
