,Day,Max_Temperature,Avg_Temperature,Min_Temperature,Max_Dew_Point,Avg_Dew_Point,Min_Dew_Point,Max_Humidity,Avg_Humidity,Min_Humidity,Max_Wind_Speed,Avg_Wind_Speed,min_Wind_Speed,Max_Pressure,Avg_Pressure,Min_Pressure,Precipitation,month,year
0,1,79,62.9,46,34,24.5,16,57,28.2,9,10,4.0,0,27.9,27.9,27.8,0.00,1.0,2018.0
1,2,68,59.6,54,37,30.0,21,51,33.5,23,17,8.8,0,28.1,27.9,27.8,0.00,1.0,2018.0
2,3,68,55.5,46,34,29.3,25,57,38.4,23,9,5.3,0,28.1,28.0,28.0,0.00,1.0,2018.0
3,4,70,56.0,41,28,26.8,25,61,34.7,20,8,3.5,0,28.1,28.0,27.9,0.00,1.0,2018.0
4,5,73,62.1,52,34,30.6,27,41,31.1,22,12,4.4,0,27.9,27.9,27.8,0.00,1.0,2018.0
5,6,73,61.1,48,34,31.1,25,54,34.3,20,10,4.5,0,27.9,27.9,27.8,0.00,1.0,2018.0
6,7,68,58.8,48,36,32.8,30,54,38.5,24,14,8.0,2,28.1,28.0,27.9,0.00,1.0,2018.0
7,8,64,54.8,46,39,32.8,25,71,46.1,28,16,11.2,7,28.2,28.1,28.1,0.00,1.0,2018.0
8,9,64,53.6,43,25,21.4,18,43,29.9,18,16,9.2,6,28.2,28.1,28.1,0.00,1.0,2018.0
9,10,64,51.0,39,19,16.7,12,42,27.2,14,8,3.2,0,28.2,28.1,28.1,0.00,1.0,2018.0
10,11,66,52.5,39,18,13.0,10,36,22.2,12,6,1.9,0,28.2,28.1,28.1,0.00,1.0,2018.0
11,12,73,55.2,39,19,15.3,9,45,23.5,9,7,2.0,0,28.2,28.1,28.1,0.00,1.0,2018.0
12,13,73,55.3,39,18,12.0,7,33,20.2,9,5,1.3,0,28.1,28.0,28.0,0.00,1.0,2018.0
13,14,75,57.0,39,12,9.4,3,33,17.0,7,13,3.8,0,28.0,28.0,27.9,0.00,1.0,2018.0
14,15,75,58.4,41,28,14.8,3,33,19.1,12,13,5.5,0,28.1,28.0,27.9,0.00,1.0,2018.0
15,16,68,57.3,46,32,27.6,23,43,32.6,24,12,6.9,3,28.2,28.1,28.1,0.00,1.0,2018.0
16,17,68,55.2,43,28,27.7,27,57,36.2,23,6,2.8,0,28.1,28.0,27.9,0.00,1.0,2018.0
17,18,75,61.1,48,28,26.5,21,46,29.0,14,10,4.4,2,27.9,27.9,27.9,0.00,1.0,2018.0
18,19,75,63.0,52,28,24.5,19,38,24.3,13,15,8.8,5,27.9,27.9,27.8,0.00,1.0,2018.0
19,20,64,58.2,52,27,24.1,21,35,27.4,20,13,9.8,5,28.1,28.0,27.9,0.00,1.0,2018.0
20,21,64,52.8,43,28,25.8,23,53,36.3,21,12,7.4,0,28.2,28.1,28.1,0.00,1.0,2018.0
21,22,68,53.2,37,28,23.0,16,60,34.4,15,6,2.8,0,28.1,28.0,27.9,0.00,1.0,2018.0
22,23,79,62.6,46,32,25.3,21,40,25.5,16,7,3.8,0,27.9,27.9,27.8,0.00,1.0,2018.0
23,24,77,64.4,52,30,26.7,23,34,25.1,16,6,2.9,0,27.9,27.9,27.8,0.00,1.0,2018.0
24,25,79,65.9,52,30,20.1,10,34,18.3,11,14,6.5,2,27.9,27.9,27.8,0.00,1.0,2018.0
25,26,81,66.8,55,34,28.7,25,38,25.3,14,8,3.4,0,27.9,27.9,27.8,0.00,1.0,2018.0
26,27,75,63.5,55,32,26.7,23,41,25.6,15,16,8.4,0,28.0,27.9,27.8,0.00,1.0,2018.0
27,28,64,55.9,48,45,28.1,21,54,36.1,20,17,10.3,3,28.1,28.0,28.0,0.00,1.0,2018.0
28,1,66,53.8,41,23,18.3,14,42,25.8,14,6,2.3,0,28.2,28.1,28.1,0.00,2.0,2018.0
29,2,68,55.1,41,25,19.4,16,42,26.1,14,13,5.3,0,28.2,28.1,28.1,0.00,2.0,2018.0
30,3,66,53.6,43,25,17.9,10,43,27.0,12,15,7.2,0,28.2,28.1,28.1,0.00,2.0,2018.0
31,4,70,54.9,39,19,13.5,9,36,21.3,11,10,4.9,0,28.2,28.1,28.1,0.00,2.0,2018.0
32,5,77,58.6,43,16,11.6,9,31,17.1,8,5,1.3,0,28.1,28.1,28.1,0.00,2.0,2018.0
33,6,81,62.0,46,16,10.4,7,23,14.2,7,3,1.2,0,28.1,28.1,28.0,0.00,2.0,2018.0
34,7,84,65.8,50,18,13.3,10,24,14.2,7,7,1.9,0,28.1,28.0,27.9,0.00,2.0,2018.0
35,8,81,64.4,46,18,10.1,7,32,13.3,6,6,2.6,0,28.0,27.9,27.9,0.00,2.0,2018.0
36,9,77,63.0,48,19,15.2,9,30,16.3,11,6,2.6,0,28.0,27.9,27.9,0.00,2.0,2018.0
37,10,82,65.7,48,21,16.0,12,30,15.8,8,5,1.5,0,27.9,27.9,27.8,0.00,2.0,2018.0
38,11,90,72.5,54,27,21.3,16,26,15.5,9,7,2.5,0,27.9,27.9,27.8,0.00,2.0,2018.0
39,12,91,76.4,59,27,21.7,19,27,14.4,8,14,6.7,2,27.9,27.9,27.8,0.00,2.0,2018.0
40,2,2018,,,,,,,,,,,,,,,,,
41,14,79,68.8,63,43,34.2,18,45,29.6,10,22,10.8,3,28.1,28.0,27.8,0.00,2.0,2018.0
42,15,81,67.3,55,45,36.4,30,46,33.2,21,10,4.9,0,28.1,28.1,28.0,0.00,2.0,2018.0
43,16,84,71.3,57,52,43.9,36,72,40.8,19,18,8.8,3,28.1,28.0,27.9,0.00,2.0,2018.0
44,17,86,75.1,66,39,35.3,32,32,24.0,14,20,9.3,3,28.0,27.9,27.8,0.00,2.0,2018.0
45,18,77,72.0,61,54,34.5,19,47,26.4,18,18,9.9,0,27.9,27.8,27.8,0.00,2.0,2018.0
46,19,77,63.4,50,25,22.7,19,35,22.5,12,9,5.3,0,27.9,27.9,27.9,0.00,2.0,2018.0
47,20,72,62.4,52,30,27.8,25,38,27.9,19,8,3.2,0,28.0,27.9,27.9,0.00,2.0,2018.0
48,21,79,68.3,57,34,30.2,27,33,24.7,17,12,7.2,3,27.9,27.8,27.8,0.00,2.0,2018.0
49,22,81,71.8,63,48,37.8,34,59,30.3,20,14,7.0,2,27.8,27.8,27.8,0.00,2.0,2018.0
50,23,81,69.7,59,41,37.5,36,45,31.5,21,6,2.4,0,27.8,27.8,27.7,0.00,2.0,2018.0
51,24,73,65.5,61,59,51.0,39,88,62.8,35,25,10.1,3,27.8,27.8,27.7,0.00,2.0,2018.0
52,25,75,65.4,57,57,51.7,43,88,64.1,31,12,5.4,0,27.9,27.8,27.7,0.00,2.0,2018.0
53,26,73,65.5,55,57,53.3,48,88,66.2,50,13,6.9,0,27.9,27.9,27.8,0.00,2.0,2018.0
54,27,82,72.4,64,57,52.3,48,68,50.6,32,15,9.1,5,27.9,27.8,27.7,0.00,2.0,2018.0
55,28,81,67.1,0,57,50.7,0,88,55.4,0,10,6.0,0,27.9,27.8,27.8,0.00,2.0,2018.0
56,1,75,65.8,61,59,53.9,46,88,68.7,38,15,9.7,6,27.9,27.8,27.8,0.00,3.0,2018.0
57,2,72,64.7,57,55,48.0,39,88,59.0,31,10,6.0,2,28.0,27.9,27.9,0.00,3.0,2018.0
58,3,75,66.7,55,46,43.3,39,67,44.1,29,6,3.4,0,28.1,28.0,27.9,0.00,3.0,2018.0
59,4,82,70.5,57,48,41.9,36,72,40.3,20,10,3.9,0,27.9,27.9,27.9,0.00,3.0,2018.0
60,5,82,73.0,61,46,38.8,32,55,30.9,17,17,6.2,0,28.0,27.9,27.9,0.00,3.0,2018.0
61,6,90,76.6,61,41,36.2,32,48,25.5,13,12,4.5,0,28.0,27.9,27.9,0.00,3.0,2018.0
62,7,91,77.7,64,37,27.5,19,37,18.3,8,9,5.3,0,28.0,27.9,27.9,0.00,3.0,2018.0
63,8,93,77.4,59,32,24.4,19,34,15.8,7,9,3.6,0,27.9,27.9,27.8,0.00,3.0,2018.0
64,9,93,74.9,0,39,29.5,0,45,19.8,0,10,4.2,0,27.9,27.8,27.8,0.00,3.0,2018.0
65,10,93,81.6,66,32,25.1,18,28,14.0,6,17,9.6,0,27.8,27.8,27.7,0.00,3.0,2018.0
66,11,88,75.2,64,43,35.1,25,43,25.2,11,20,8.6,2,27.9,27.8,27.7,0.00,3.0,2018.0
67,12,82,72.0,64,43,33.3,25,35,24.5,17,17,9.5,3,27.9,27.9,27.8,0.00,3.0,2018.0
68,13,81,71.9,63,32,31.0,28,32,23.2,15,9,5.7,2,28.0,27.9,27.9,0.00,3.0,2018.0
69,14,86,74.3,61,34,31.4,28,34,21.9,12,10,5.9,3,28.0,27.9,27.9,0.00,3.0,2018.0
70,15,91,80.4,68,34,29.3,25,26,16.3,10,15,8.5,5,27.9,27.9,27.8,0.00,3.0,2018.0
71,16,81,77.1,70,39,30.5,23,27,18.6,12,16,7.6,0,27.9,27.8,27.8,0.00,3.0,2018.0
72,17,88,76.7,66,43,31.6,21,40,21.7,9,12,7.3,2,27.9,27.8,27.8,0.00,3.0,2018.0
73,18,81,70.7,61,39,29.4,18,42,23.5,14,10,5.6,2,27.9,27.9,27.9,0.00,3.0,2018.0
74,19,84,73.1,59,32,26.9,19,31,18.7,13,7,4.4,0,28.0,27.9,27.9,0.00,3.0,2018.0
75,20,95,81.5,70,34,31.6,28,27,17.5,10,10,7.0,3,28.0,27.9,27.9,0.00,3.0,2018.0
76,21,99,83.2,66,36,30.1,25,32,16.1,8,13,5.7,0,27.9,27.9,27.8,0.00,3.0,2018.0
77,22,91,79.2,66,39,31.5,23,35,19.4,10,13,6.5,0,27.9,27.9,27.8,0.00,3.0,2018.0
78,23,91,77.0,64,30,23.2,18,26,15.1,8,7,3.8,0,27.9,27.9,27.9,0.00,3.0,2018.0
79,24,91,75.9,59,19,12.2,5,22,10.2,4,8,3.5,0,28.0,27.9,27.9,0.00,3.0,2018.0
80,25,90,76.2,63,18,13.0,7,16,9.6,6,12,5.4,2,28.0,28.0,27.9,0.00,3.0,2018.0
81,26,91,77.9,59,21,16.4,10,17,10.5,6,14,4.4,0,28.1,28.0,28.0,0.00,3.0,2018.0
82,27,95,79.0,59,27,22.2,14,27,13.8,5,8,2.6,0,28.1,28.0,27.9,0.00,3.0,2018.0
83,28,97,82.0,63,28,23.9,19,24,13.0,6,9,3.4,0,27.9,27.9,27.8,0.00,3.0,2018.0
84,1,82,73.5,66,41,33.2,27,31,23.3,17,16,6.4,2,28.0,27.9,27.8,0.00,4.0,2018.0
85,2,88,78.0,68,39,35.8,32,33,22.7,15,12,5.9,0,27.9,27.9,27.8,0.00,4.0,2018.0
86,3,90,81.3,73,48,37.0,32,34,21.4,13,23,9.1,3,27.9,27.9,27.8,0.00,4.0,2018.0
87,4,95,81.7,68,59,41.2,32,73,26.2,12,35,11.4,0,27.9,27.8,27.7,0.00,4.0,2018.0
88,5,90,75.7,66,61,50.4,39,78,45.9,18,31,11.6,2,27.9,27.8,27.7,0.00,4.0,2018.0
89,6,79,71.1,66,63,56.8,48,88,62.9,34,15,9.2,3,27.9,27.8,27.7,0.00,4.0,2018.0
90,7,90,77.6,66,61,54.1,46,78,48.7,22,10,7.4,5,27.9,27.8,27.8,0.00,4.0,2018.0
91,8,95,79.6,68,59,51.9,43,68,42.5,16,20,7.1,0,27.9,27.8,27.8,0.00,4.0,2018.0
92,9,91,77.9,68,63,56.6,50,78,51.1,26,31,11.1,0,27.9,27.8,27.8,0.00,4.0,2018.0
93,10,91,79.4,70,57,51.2,41,64,40.4,17,38,12.0,2,27.9,27.8,27.7,0.00,4.0,2018.0
94,11,88,77.2,68,59,51.9,46,73,43.7,25,29,11.0,0,27.8,27.8,27.7,0.00,4.0,2018.0
95,12,90,80.9,68,50,40.5,21,52,27.1,9,29,10.8,2,27.8,27.7,27.7,0.00,4.0,2018.0
96,13,91,81.2,70,48,39.1,28,46,24.5,11,14,7.0,0,27.8,27.8,27.7,0.00,4.0,2018.0
97,14,90,79.3,66,39,33.4,30,37,20.5,12,12,6.2,2,27.9,27.8,27.8,0.00,4.0,2018.0
98,15,88,78.8,70,45,40.6,36,35,25.9,18,14,7.7,0,27.9,27.8,27.7,0.00,4.0,2018.0
99,16,93,81.8,70,57,35.7,27,57,21.3,10,20,8.6,3,27.8,27.7,27.7,0.00,4.0,2018.0
100,17,88,75.9,66,61,49.5,37,83,46.2,18,14,8.7,3,28.0,27.9,27.8,0.00,4.0,2018.0
101,18,88,76.9,64,43,33.3,21,45,22.9,12,12,5.3,0,28.1,28.0,27.9,0.00,4.0,2018.0
102,19,91,78.7,63,30,22.5,16,28,13.8,8,9,4.3,0,28.0,27.9,27.9,0.00,4.0,2018.0
103,20,91,82.7,70,37,26.0,18,19,12.9,9,18,7.3,0,27.9,27.8,27.7,0.00,4.0,2018.0
104,21,100,88.9,75,34,28.3,25,17,11.7,7,18,9.7,5,27.8,27.7,27.7,0.00,4.0,2018.0
105,22,93,82.8,72,66,45.4,28,83,30.6,14,15,6.2,0,27.8,27.7,27.7,0.00,4.0,2018.0
106,23,95,83.4,73,63,48.5,39,65,32.8,15,20,10.2,2,27.9,27.8,27.7,0.00,4.0,2018.0
107,24,86,76.3,70,41,37.6,32,35,25.5,14,13,7.4,0,28.0,27.9,27.8,0.00,4.0,2018.0
108,25,77,72.4,68,64,54.5,39,83,57.0,27,9,4.9,0,27.9,27.9,27.8,0.00,4.0,2018.0
109,26,93,76.9,63,61,56.4,45,94,56.0,19,35,11.7,0,27.8,27.8,27.6,0.00,4.0,2018.0
110,27,88,75.3,64,63,59.0,52,94,61.2,29,16,6.8,0,27.8,27.8,27.7,0.00,4.0,2018.0
111,28,93,81.1,66,63,50.9,36,78,40.4,14,15,7.2,0,27.8,27.8,27.7,0.00,4.0,2018.0
112,1,95,83.8,72,50,41.3,36,39,24.1,13,30,8.9,2,27.9,27.8,27.8,0.00,5.0,2018.0
113,2,95,83.2,75,52,42.6,36,41,25.6,12,22,11.9,3,27.9,27.9,27.8,0.00,5.0,2018.0
114,3,99,88.1,81,43,38.4,30,26,18.1,10,21,7.2,2,27.9,27.8,27.8,0.00,5.0,2018.0
115,4,93,84.8,77,52,43.7,39,39,24.2,15,30,8.5,0,27.9,27.8,27.8,0.00,5.0,2018.0
116,5,99,88.3,75,45,40.3,37,34,19.6,13,13,7.5,2,27.9,27.8,27.8,0.00,5.0,2018.0
117,6,104,90.9,79,41,37.5,34,24,16.2,9,10,5.5,2,27.9,27.8,27.8,0.00,5.0,2018.0
118,7,106,92.7,79,43,37.1,34,26,15.4,9,10,5.4,3,27.9,27.8,27.7,0.00,5.0,2018.0
119,8,108,95.8,81,46,33.4,27,30,12.2,7,18,8.6,2,27.8,27.7,27.6,0.00,5.0,2018.0
120,9,97,88.0,79,57,46.3,28,45,25.6,11,20,11.0,0,27.8,27.7,27.6,0.00,5.0,2018.0
121,10,95,84.9,72,55,35.5,25,44,19.9,9,16,8.2,2,27.9,27.8,27.7,0.00,5.0,2018.0
122,11,102,88.8,72,30,27.3,23,22,12.0,7,17,8.3,0,27.8,27.7,27.6,0.00,5.0,2018.0
123,12,104,97.5,88,28,25.6,23,10,7.9,6,20,13.7,6,27.7,27.6,27.5,0.00,5.0,2018.0
124,13,99,89.4,81,39,28.3,21,20,11.7,7,17,8.7,3,27.8,27.7,27.6,0.00,5.0,2018.0
125,14,97,85.7,73,39,33.3,25,23,15.7,12,16,8.5,2,27.8,27.7,27.7,0.00,5.0,2018.0
126,15,95,84.5,72,41,37.5,36,31,19.5,12,14,8.2,0,27.8,27.8,27.7,0.00,5.0,2018.0
127,16,93,84.8,75,41,37.3,34,29,19.2,12,14,8.0,0,27.8,27.8,27.8,0.00,5.0,2018.0
128,17,97,85.8,75,54,38.3,36,29,19.5,12,13,6.2,0,27.9,27.8,27.8,0.00,5.0,2018.0
129,18,93,85.6,75,45,40.0,37,29,20.3,15,37,5.4,0,27.9,27.8,27.8,0.00,5.0,2018.0
130,19,95,84.7,75,55,46.7,39,50,28.0,15,21,12.0,5,27.9,27.8,27.8,0.00,5.0,2018.0
131,20,100,88.7,73,54,42.5,27,50,22.8,12,10,5.1,0,27.9,27.8,27.8,0.00,5.0,2018.0
132,21,104,90.6,77,36,27.0,19,18,11.0,6,14,6.7,0,27.9,27.8,27.8,0.00,5.0,2018.0
133,22,104,91.8,75,32,26.3,19,21,10.1,6,10,4.3,0,27.9,27.8,27.8,0.00,5.0,2018.0
134,23,104,93.8,81,32,27.5,25,14,9.6,6,12,6.1,0,27.9,27.8,27.7,0.00,5.0,2018.0
135,24,104,92.8,79,34,30.1,28,16,11.2,7,14,6.0,0,27.8,27.7,27.6,0.00,5.0,2018.0
136,25,106,91.8,79,30,28.8,27,17,11.2,7,10,5.9,0,27.8,27.7,27.7,0.00,5.0,2018.0
137,26,102,92.4,79,36,33.4,30,21,12.8,9,9,5.2,0,27.8,27.7,27.7,0.00,5.0,2018.0
138,27,102,92.2,79,39,34.5,32,23,13.5,9,14,7.3,0,27.8,27.8,27.7,0.00,5.0,2018.0
139,28,104,92.0,77,36,31.3,27,21,12.3,7,15,6.3,0,27.8,27.7,27.7,0.00,5.0,2018.0
140,1,108,97.8,82,46,40.0,36,26,14.3,8,10,4.7,0,27.7,27.7,27.6,0.00,6.0,2018.0
141,2,111,99.6,86,46,40.7,37,19,13.5,9,9,5.0,0,27.7,27.6,27.6,0.00,6.0,2018.0
142,3,113,101.2,88,46,40.2,34,24,13.3,8,10,4.8,0,27.6,27.6,27.6,0.00,6.0,2018.0
143,4,111,101.4,90,54,43.9,34,29,15.6,9,12,5.9,2,27.6,27.6,27.5,0.00,6.0,2018.0
144,5,113,100.8,88,46,37.2,30,22,12.0,7,12,5.9,0,27.7,27.6,27.6,0.00,6.0,2018.0
145,6,113,100.4,86,41,33.6,28,18,10.5,6,12,5.3,0,27.8,27.7,27.7,0.00,6.0,2018.0
146,7,113,100.1,84,43,35.5,30,19,11.4,6,14,6.1,0,27.8,27.7,27.7,0.00,6.0,2018.0
147,8,113,96.3,0,34,30.8,0,14,9.1,0,20,9.9,2,27.7,27.7,27.6,0.00,6.0,2018.0
148,9,117,102.3,84,37,32.6,30,16,9.4,6,17,7.0,0,27.7,27.6,27.5,0.00,6.0,2018.0
149,10,111,102.3,93,34,29.6,25,12,8.2,6,16,10.8,5,27.6,27.6,27.5,0.00,6.0,2018.0
150,11,109,96.8,82,34,28.8,25,13,9.3,6,17,9.0,2,27.7,27.6,27.6,0.00,6.0,2018.0
151,12,109,96.4,81,27,24.5,21,13,8.2,5,15,7.5,0,27.6,27.6,27.6,0.00,6.0,2018.0
152,13,106,95.5,84,28,25.0,19,12,8.4,5,14,7.2,0,27.6,27.6,27.5,0.00,6.0,2018.0
153,14,104,93.3,81,27,23.2,19,13,8.3,6,15,7.6,0,27.6,27.6,27.6,0.00,6.0,2018.0
154,15,106,94.7,81,34,25.6,16,14,8.8,6,16,8.3,3,27.7,27.6,27.6,0.00,6.0,2018.0
155,16,108,95.5,81,36,32.6,27,18,11.5,7,13,6.7,0,27.8,27.7,27.7,0.00,6.0,2018.0
156,17,106,95.8,81,36,29.5,21,12,9.7,7,25,15.0,7,27.8,27.7,27.6,0.00,6.0,2018.0
157,18,108,97.9,84,37,32.6,23,16,10.5,6,23,12.8,0,27.7,27.7,27.6,0.00,6.0,2018.0
158,19,109,97.0,82,37,33.0,30,16,10.9,7,16,7.2,2,27.7,27.7,27.6,0.00,6.0,2018.0
159,20,109,97.3,82,37,34.2,28,19,11.7,6,20,8.5,0,27.8,27.7,27.7,0.00,6.0,2018.0
160,21,108,97.5,86,39,33.2,25,17,11.1,6,21,12.3,5,27.8,27.7,27.7,0.00,6.0,2018.0
161,22,108,94.2,82,36,31.7,28,16,11.2,7,16,9.0,2,27.8,27.7,27.7,0.00,6.0,2018.0
162,23,106,93.7,81,41,32.5,30,18,11.9,7,15,9.5,5,27.8,27.7,27.6,0.00,6.0,2018.0
163,24,106,93.4,81,36,31.1,25,17,11.5,8,12,6.6,0,27.7,27.7,27.6,0.00,6.0,2018.0
164,25,106,94.3,79,36,29.8,21,13,10.3,8,14,8.1,5,27.7,27.7,27.6,0.00,6.0,2018.0
165,26,108,97.4,82,39,30.9,27,15,10.2,7,21,12.8,6,27.7,27.6,27.5,0.00,6.0,2018.0
166,27,108,101.1,88,36,30.5,25,15,8.9,6,26,16.8,0,27.6,27.6,27.5,0.00,6.0,2018.0
167,28,111,100.4,86,34,30.8,27,15,9.3,6,21,11.0,3,27.6,27.6,27.5,0.00,6.0,2018.0
168,1,108,96.2,82,36,25.8,16,13,8.6,4,15,9.1,3,27.7,27.6,27.6,0.00,7.0,2018.0
169,2,109,96.8,81,37,31.6,28,15,10.4,7,20,10.3,3,27.7,27.6,27.6,0.00,7.0,2018.0
170,3,111,98.8,88,30,27.6,23,13,8.6,5,17,11.4,7,27.6,27.6,27.5,0.00,7.0,2018.0
171,4,113,100.7,88,32,27.4,21,10,7.8,5,18,11.5,5,27.5,27.5,27.4,0.00,7.0,2018.0
172,5,113,101.8,90,36,30.1,27,11,8.5,5,14,8.8,3,27.5,27.5,27.4,0.00,7.0,2018.0
173,6,113,100.0,84,34,27.9,23,14,8.5,5,12,5.5,2,27.6,27.5,27.5,0.00,7.0,2018.0
174,7,111,98.8,84,32,24.1,19,12,7.5,4,13,4.5,0,27.6,27.6,27.5,0.00,7.0,2018.0
175,8,111,98.6,84,46,31.6,25,17,10.0,6,9,4.5,0,27.6,27.6,27.6,0.00,7.0,2018.0
176,9,113,100.6,86,37,29.7,25,14,8.7,5,16,8.7,3,27.7,27.6,27.6,0.00,7.0,2018.0
177,10,113,100.6,82,34,29.2,25,14,8.6,5,25,14.3,3,27.6,27.6,27.5,0.00,7.0,2018.0
178,11,111,97.2,0,30,24.1,0,11,7.0,0,20,12.8,7,27.6,27.6,27.5,0.00,7.0,2018.0
179,12,115,98.4,0,32,26.0,0,11,7.0,0,23,13.5,8,27.6,27.5,27.5,0.00,7.0,2018.0
180,13,113,101.0,88,34,27.7,21,11,7.8,5,21,12.6,5,27.5,27.5,27.5,0.00,7.0,2018.0
181,14,111,99.6,88,39,33.6,30,13,10.4,7,7,3.0,0,27.6,27.5,27.5,0.00,7.0,2018.0
182,15,113,101.4,88,37,33.4,30,17,9.8,6,8,4.6,0,27.6,27.5,27.5,0.00,7.0,2018.0
183,16,111,99.5,88,36,32.1,30,14,9.7,6,17,9.3,0,27.6,27.5,27.5,0.00,7.0,2018.0
184,17,109,96.5,82,36,31.8,28,15,10.5,7,14,8.6,3,27.6,27.6,27.5,0.00,7.0,2018.0
185,18,106,96.0,84,34,31.4,28,14,10.5,8,16,9.4,5,27.6,27.6,27.5,0.00,7.0,2018.0
186,19,106,95.5,82,32,29.7,25,14,10.2,8,15,6.5,0,27.6,27.6,27.6,0.00,7.0,2018.0
187,20,108,96.7,84,37,32.5,27,15,10.7,7,16,9.6,6,27.6,27.6,27.5,0.00,7.0,2018.0
188,21,108,96.5,84,34,31.0,27,15,10.3,6,15,9.3,3,27.6,27.6,27.6,0.00,7.0,2018.0
189,22,109,96.3,82,37,33.0,28,15,11.0,7,9,5.6,0,27.6,27.6,27.5,0.00,7.0,2018.0
190,23,108,96.6,82,36,33.3,30,16,11.2,8,9,4.4,0,27.6,27.6,27.5,0.00,7.0,2018.0
191,24,108,97.0,84,36,33.8,30,16,11.2,8,10,4.5,0,27.6,27.6,27.6,0.00,7.0,2018.0
192,25,108,96.9,82,34,32.9,32,16,11.0,7,12,5.6,0,27.7,27.6,27.6,0.00,7.0,2018.0
193,26,108,98.0,84,36,32.4,28,15,10.3,7,17,11.6,3,27.7,27.6,27.6,0.00,7.0,2018.0
194,27,108,101.2,91,34,30.7,27,12,8.7,7,29,21.7,10,27.7,27.6,27.6,0.00,7.0,2018.0
195,28,109,100.5,90,34,30.3,27,14,8.9,6,25,16.5,9,27.6,27.6,27.5,0.00,7.0,2018.0
196,1,109,97.5,84,37,34.9,34,16,11.5,7,15,7.4,3,27.7,27.6,27.6,0.00,8.0,2018.0
197,2,108,96.3,82,36,32.1,28,17,11.0,7,9,6.8,3,27.7,27.6,27.6,0.00,8.0,2018.0
198,3,108,95.5,81,34,30.7,28,15,10.6,7,9,4.3,0,27.7,27.6,27.6,0.00,8.0,2018.0
199,4,108,97.1,84,37,32.5,28,14,10.6,8,10,4.2,0,27.7,27.6,27.6,0.00,8.0,2018.0
200,5,113,100.3,88,36,33.6,32,14,10.1,7,10,5.2,0,27.7,27.6,27.6,0.00,8.0,2018.0
201,6,109,99.5,88,43,36.6,28,15,11.5,8,14,7.3,0,27.7,27.6,27.6,0.00,8.0,2018.0
202,7,109,99.9,86,41,34.2,25,19,10.8,7,21,12.3,5,27.6,27.6,27.6,0.00,8.0,2018.0
203,8,109,100.2,88,34,29.6,25,13,8.7,6,23,15.3,6,27.6,27.6,27.5,0.00,8.0,2018.0
204,9,108,97.9,86,39,33.6,30,15,10.8,8,21,11.6,5,27.6,27.6,27.6,0.00,8.0,2018.0
205,10,108,97.5,86,39,35.6,30,17,11.9,8,14,8.8,0,27.7,27.6,27.6,0.00,8.0,2018.0
206,11,108,94.6,82,39,33.8,32,17,12.0,8,13,6.0,0,27.7,27.7,27.6,0.00,8.0,2018.0
207,12,109,96.7,79,36,31.3,25,18,10.6,5,20,8.5,0,27.7,27.6,27.6,0.00,8.0,2018.0
208,13,108,96.3,81,36,31.5,25,14,10.4,7,20,11.1,6,27.6,27.6,27.5,0.00,8.0,2018.0
209,14,106,95.4,81,37,34.4,32,18,12.0,9,13,8.2,2,27.6,27.6,27.5,0.00,8.0,2018.0
210,15,108,95.2,81,36,31.6,25,17,11.0,7,13,6.7,3,27.6,27.6,27.6,0.00,8.0,2018.0
211,16,108,94.5,79,32,28.4,23,15,10.0,6,16,6.7,0,27.7,27.6,27.6,0.00,8.0,2018.0
212,17,109,95.4,79,34,31.2,28,18,10.9,6,14,7.4,2,27.7,27.6,27.6,0.00,8.0,2018.0
213,18,109,96.1,81,34,29.3,28,15,9.9,6,10,6.5,3,27.6,27.6,27.5,0.00,8.0,2018.0
214,19,109,96.2,81,30,26.5,21,13,8.8,5,12,5.4,0,27.6,27.6,27.5,0.00,8.0,2018.0
215,20,109,95.4,75,32,28.0,23,17,9.4,6,17,6.8,0,27.7,27.6,27.6,0.00,8.0,2018.0
216,21,108,95.2,81,32,29.7,27,15,10.3,7,23,11.0,3,27.7,27.6,27.6,0.00,8.0,2018.0
217,22,109,96.4,82,37,30.5,23,15,10.2,6,17,8.8,5,27.7,27.6,27.6,0.00,8.0,2018.0
218,23,108,96.3,82,37,29.5,21,13,9.6,6,13,8.0,2,27.7,27.6,27.6,0.00,8.0,2018.0
219,24,109,96.4,81,39,33.9,30,19,11.5,8,12,4.8,0,27.7,27.7,27.6,0.00,8.0,2018.0
220,25,111,94.7,82,36,33.9,30,17,12.2,7,12,5.7,0,27.7,27.6,27.6,0.00,8.0,2018.0
221,26,111,97.8,82,34,30.5,28,16,9.9,6,22,10.6,2,27.6,27.6,27.5,0.00,8.0,2018.0
222,27,90,90.0,90,28,28.0,28,11,11.0,11,2,2.0,2,27.6,27.6,27.6,0.00,8.0,2018.0
223,28,109,96.0,82,41,32.8,27,14,11.0,8,10,6.5,0,27.7,27.6,27.6,0.00,8.0,2018.0
224,1,111,97.3,82,36,30.3,28,15,9.9,6,13,7.0,0,27.7,27.6,27.6,0.00,9.0,2018.0
225,2,109,96.6,82,36,30.5,27,14,10.1,6,17,8.9,0,27.7,27.7,27.6,0.00,9.0,2018.0
226,3,111,96.3,81,32,30.7,28,16,10.4,7,15,5.2,0,27.7,27.6,27.6,0.00,9.0,2018.0
227,4,113,98.3,82,37,32.7,28,17,10.6,7,12,3.4,0,27.7,27.6,27.6,0.00,9.0,2018.0
228,5,113,100.7,86,37,32.6,28,18,10.0,6,16,8.2,2,27.7,27.6,27.6,0.00,9.0,2018.0
229,9,2018,,,,,,,,,,,,,,,,,
230,7,106,94.5,81,45,36.0,30,26,14.2,7,13,7.5,2,27.8,27.7,27.7,0.00,9.0,2018.0
231,8,109,95.1,81,32,29.5,27,14,10.3,6,10,4.7,0,27.8,27.7,27.7,0.00,9.0,2018.0
232,9,108,95.5,79,34,31.4,27,16,11.0,7,9,3.1,0,27.8,27.7,27.7,0.00,9.0,2018.0
233,10,108,96.6,82,46,37.5,32,23,13.6,8,15,5.0,0,27.8,27.7,27.7,0.00,9.0,2018.0
234,11,106,95.3,84,55,41.1,28,37,18.3,7,12,5.4,0,27.8,27.8,27.7,0.00,9.0,2018.0
235,12,106,93.8,81,52,39.5,34,22,15.5,10,10,4.7,0,27.8,27.8,27.7,0.00,9.0,2018.0
236,13,109,95.3,81,39,30.3,16,21,11.5,5,17,8.3,0,27.8,27.7,27.7,0.00,9.0,2018.0
237,14,111,95.8,82,32,25.0,14,11,8.0,5,10,5.5,2,27.8,27.7,27.7,0.00,9.0,2018.0
238,15,111,95.9,82,32,27.2,23,14,9.1,5,8,4.8,0,27.8,27.7,27.7,0.00,9.0,2018.0
239,16,106,95.3,81,39,30.6,23,13,10.2,8,8,5.0,2,27.8,27.7,27.7,0.00,9.0,2018.0
240,17,108,94.3,81,39,31.9,28,16,11.5,7,12,6.8,0,27.8,27.7,27.7,0.00,9.0,2018.0
241,18,108,94.4,81,36,30.4,27,16,10.9,6,14,6.0,0,27.8,27.7,27.7,0.00,9.0,2018.0
242,19,106,93.8,77,41,33.0,28,18,12.3,7,9,4.5,0,27.8,27.8,27.7,0.00,9.0,2018.0
243,20,108,95.5,81,45,33.1,27,20,12.3,6,8,4.4,2,27.8,27.8,27.7,0.00,9.0,2018.0
244,21,106,93.1,79,45,35.9,28,21,14.0,8,14,4.6,0,27.8,27.8,27.7,0.00,9.0,2018.0
245,22,106,93.2,81,43,35.8,30,24,14.1,9,8,3.0,0,27.9,27.8,27.8,0.00,9.0,2018.0
246,23,106,93.1,79,37,32.8,28,19,12.4,7,12,3.7,0,27.9,27.8,27.8,0.00,9.0,2018.0
247,24,106,94.0,77,39,34.3,30,24,13.2,8,8,3.8,0,27.8,27.8,27.8,0.00,9.0,2018.0
248,25,106,93.0,79,41,36.5,32,23,14.7,8,7,2.8,0,27.9,27.8,27.8,0.00,9.0,2018.0
249,26,106,93.5,79,43,36.9,32,28,15.2,8,10,4.1,0,27.8,27.8,27.7,0.00,9.0,2018.0
250,27,102,91.3,79,34,29.1,21,17,11.4,8,10,3.5,0,27.9,27.8,27.8,0.00,9.0,2018.0
251,28,102,90.0,73,30,25.3,19,16,9.9,7,13,4.1,0,27.9,27.8,27.8,0.00,9.0,2018.0
252,1,99,86.5,73,50,33.0,27,27,15.4,10,12,4.9,0,27.9,27.9,27.8,0.00,10.0,2018.0
253,2,99,87.0,75,34,30.3,25,22,13.6,8,9,6.0,2,27.9,27.9,27.8,0.00,10.0,2018.0
254,3,99,85.1,72,39,32.5,28,22,15.7,10,8,3.2,0,27.9,27.9,27.9,0.00,10.0,2018.0
255,4,102,87.3,70,34,29.3,25,25,13.5,7,12,5.3,0,27.9,27.9,27.8,0.00,10.0,2018.0
256,5,100,87.3,73,36,31.0,27,21,13.8,9,10,4.9,0,27.9,27.9,27.9,0.00,10.0,2018.0
257,6,102,87.1,72,34,29.9,25,22,13.6,7,7,2.5,0,27.9,27.9,27.8,0.00,10.0,2018.0
258,7,102,88.1,73,32,29.6,27,20,12.8,8,8,3.3,0,27.9,27.9,27.8,0.00,10.0,2018.0
259,8,97,86.3,77,63,45.3,32,57,26.7,12,12,5.4,2,27.9,27.9,27.8,0.00,10.0,2018.0
260,9,99,84.8,68,34,30.6,27,27,15.6,8,6,2.1,0,27.9,27.9,27.8,0.00,10.0,2018.0
261,10,102,85.8,70,32,28.7,25,22,13.5,9,8,2.5,0,27.9,27.9,27.8,0.00,10.0,2018.0
262,11,100,87.0,72,45,33.4,27,25,15.7,9,12,3.3,0,27.9,27.9,27.8,0.00,10.0,2018.0
263,12,97,84.9,70,55,42.1,34,40,23.9,11,8,3.0,0,27.9,27.9,27.8,0.00,10.0,2018.0
264,13,99,86.6,73,46,37.6,25,36,19.4,7,13,5.7,0,27.9,27.9,27.9,0.00,10.0,2018.0
265,14,95,83.1,70,41,34.1,27,31,18.1,11,10,4.1,0,28.0,27.9,27.9,0.00,10.0,2018.0
266,15,93,81.3,68,45,32.8,27,26,18.2,10,10,4.2,0,28.0,27.9,27.9,0.00,10.0,2018.0
267,16,93,82.7,68,50,40.0,32,43,24.0,12,9,4.0,0,28.0,27.9,27.9,0.00,10.0,2018.0
268,17,93,83.0,68,41,38.1,36,35,21.3,13,6,2.5,0,27.9,27.9,27.8,0.00,10.0,2018.0
269,18,91,81.4,72,57,44.3,37,47,28.4,17,7,4.4,0,27.9,27.9,27.8,0.00,10.0,2018.0
270,19,90,81.0,70,55,51.5,46,56,37.1,24,7,4.0,0,27.9,27.9,27.8,0.00,10.0,2018.0
271,20,90,79.3,70,70,57.7,50,74,49.6,26,16,4.8,0,28.0,27.9,27.9,0.00,10.0,2018.0
272,21,86,77.7,68,63,56.8,50,83,51.0,30,16,6.2,0,28.0,27.9,27.9,0.00,10.0,2018.0
273,22,91,83.0,73,61,51.4,41,65,36.8,17,13,6.5,0,28.0,27.9,27.9,0.00,10.0,2018.0
274,23,91,81.3,72,63,53.2,45,69,41.7,21,9,3.7,0,28.0,28.0,27.9,0.00,10.0,2018.0
275,24,91,82.4,73,57,51.4,45,57,35.4,23,10,5.2,0,28.0,27.9,27.9,0.00,10.0,2018.0
276,25,95,83.8,73,57,49.0,43,50,31.6,16,9,3.7,0,27.9,27.9,27.8,0.00,10.0,2018.0
277,26,91,84.8,77,54,46.0,43,44,26.4,18,13,4.4,0,27.9,27.9,27.9,0.00,10.0,2018.0
278,27,90,80.8,72,64,51.6,43,78,39.0,20,23,9.3,0,28.0,27.9,27.9,0.00,10.0,2018.0
279,28,72,67.3,63,66,59.6,54,94,77.3,64,15,9.0,2,28.1,28.1,28.0,0.00,10.0,2018.0
280,1,79,70.3,61,48,38.1,28,63,32.9,16,8,4.9,0,28.1,28.0,27.9,0.00,11.0,2018.0
281,2,81,71.2,61,43,35.9,32,48,28.4,17,8,5.0,2,28.1,28.0,28.0,0.00,11.0,2018.0
282,3,82,72.6,61,55,44.9,34,50,37.2,30,13,5.8,0,28.0,28.0,27.9,0.00,11.0,2018.0
283,4,81,72.6,66,63,59.8,54,88,65.3,39,13,6.4,0,27.9,27.9,27.9,0.00,11.0,2018.0
284,5,88,75.6,66,61,51.5,43,83,49.2,21,14,7.9,3,27.9,27.9,27.8,0.00,11.0,2018.0
285,6,88,77.2,68,63,52.7,43,73,46.8,22,22,7.4,0,27.9,27.9,27.8,0.00,11.0,2018.0
286,7,84,71.7,63,61,55.2,43,88,60.1,25,15,6.2,2,28.0,27.9,27.9,0.00,11.0,2018.0
287,8,68,66.5,66,61,60.5,59,83,80.5,73,15,8.3,3,27.9,27.9,27.9,0.00,11.0,2018.0
288,9,73,65.6,63,64,61.8,61,100,86.9,69,16,7.1,3,28.0,27.9,27.9,0.00,11.0,2018.0
289,10,75,68.3,63,64,62.8,61,100,83.3,65,12,5.3,0,28.0,27.9,27.9,0.00,11.0,2018.0
290,11,81,72.1,66,68,64.1,63,94,77.2,54,8,4.0,0,28.0,27.9,27.9,0.00,11.0,2018.0
291,12,79,70.5,66,66,64.3,61,94,81.8,61,14,7.3,2,28.0,28.0,27.9,0.00,11.0,2018.0
292,13,75,68.3,64,63,60.0,54,88,75.3,50,12,7.8,5,28.0,27.9,27.9,0.00,11.0,2018.0
293,14,79,70.4,64,63,59.2,55,94,69.8,44,15,8.9,3,27.9,27.8,27.8,0.00,11.0,2018.0
294,15,90,76.9,64,64,45.8,27,88,44.9,12,16,9.4,2,27.9,27.8,27.8,0.00,11.0,2018.0
295,16,79,72.3,68,64,58.3,50,88,64.2,41,13,6.0,0,28.1,28.0,27.9,0.00,11.0,2018.0
296,17,75,68.1,64,63,53.9,45,88,63.3,34,10,8.6,6,28.1,28.1,28.0,0.00,11.0,2018.0
297,18,73,65.0,59,55,47.9,37,88,58.0,27,10,6.3,0,28.1,28.1,28.0,0.00,11.0,2018.0
298,19,77,65.8,57,54,47.2,41,77,54.0,31,10,4.4,0,28.1,28.0,28.0,0.00,11.0,2018.0
299,20,73,64.5,57,55,48.8,43,82,58.8,35,10,5.4,0,28.1,28.0,28.0,0.00,11.0,2018.0
300,21,75,64.8,57,54,49.8,45,82,60.0,36,6,3.9,0,28.1,28.1,28.0,0.00,11.0,2018.0
301,22,79,68.4,59,46,45.5,43,63,45.8,32,16,7.3,2,28.0,28.0,27.9,0.00,11.0,2018.0
302,23,70,65.8,61,59,52.9,45,88,65.6,40,14,6.5,0,28.0,27.9,27.9,0.00,11.0,2018.0
303,24,82,69.7,59,59,53.7,48,88,60.8,30,16,5.3,0,28.0,27.9,27.9,0.00,11.0,2018.0
304,25,79,67.5,61,63,59.6,55,94,76.7,57,23,7.6,0,28.0,27.9,27.9,0.00,11.0,2018.0
305,26,68,60.9,54,55,51.5,46,100,73.1,46,10,5.3,3,28.1,28.0,28.0,0.00,11.0,2018.0
306,27,68,60.3,52,54,49.0,45,94,69.1,43,7,3.7,0,28.1,28.1,28.1,0.00,11.0,2018.0
307,28,70,61.5,54,52,48.3,45,88,63.5,43,7,3.3,0,28.1,28.1,28.1,0.00,11.0,2018.0
308,1,77,67.5,59,50,44.0,36,68,45.5,22,9,4.0,0,28.0,28.0,27.9,0.00,12.0,2018.0
309,2,81,67.3,57,48,42.2,36,72,44.8,20,10,3.3,0,28.0,27.9,27.9,0.00,12.0,2018.0
310,3,75,64.5,55,52,46.2,39,77,54.7,27,8,3.5,0,28.0,28.0,27.9,0.00,12.0,2018.0
311,4,73,62.7,54,57,50.8,45,100,69.1,36,10,6.1,2,28.0,28.0,27.9,0.00,12.0,2018.0
312,5,77,67.4,59,52,47.1,41,77,50.2,32,12,6.0,2,28.0,27.9,27.9,0.00,12.0,2018.0
313,6,68,67.0,66,32,32.0,32,28,27.0,26,10,9.5,9,27.9,27.9,27.9,0.00,12.0,2018.0
314,7,77,66.0,55,41,36.9,32,58,35.6,21,8,3.2,0,28.0,27.9,27.9,0.00,12.0,2018.0
315,8,73,64.6,55,50,45.5,41,63,50.5,36,10,6.1,2,28.0,27.9,27.9,0.00,12.0,2018.0
316,9,79,68.2,59,54,50.6,45,63,53.4,41,13,7.5,3,28.0,27.9,27.9,0.00,12.0,2018.0
317,10,81,69.8,59,52,48.0,45,67,47.8,28,13,6.6,3,28.0,27.9,27.9,0.00,12.0,2018.0
318,11,72,65.6,61,52,51.0,48,72,59.8,46,12,7.8,2,28.1,28.0,27.9,0.00,12.0,2018.0
319,12,73,65.1,57,52,49.2,46,77,57.8,41,9,4.8,0,28.1,28.1,28.0,0.00,12.0,2018.0
320,13,75,66.4,59,50,47.2,45,63,51.4,36,9,5.7,2,28.1,28.1,28.0,0.00,12.0,2018.0
321,14,75,67.5,59,52,46.3,45,64,47.8,34,9,5.8,2,28.1,28.1,28.1,0.00,12.0,2018.0
322,15,63,60.3,55,57,53.9,48,94,80.6,59,8,4.2,0,28.2,28.1,28.1,0.00,12.0,2018.0
323,16,70,59.8,50,50,46.3,41,87,62.9,43,6,2.9,0,28.2,28.1,28.1,0.00,12.0,2018.0
324,17,72,61.5,52,50,48.3,46,88,64.2,43,10,5.1,2,28.1,28.1,28.0,0.00,12.0,2018.0
325,18,77,64.9,55,54,49.0,45,77,58.5,32,10,5.3,0,28.1,28.1,28.0,0.00,12.0,2018.0
326,19,64,57.9,54,54,52.1,50,94,81.0,64,8,5.0,0,28.2,28.1,28.1,0.00,12.0,2018.0
327,20,77,63.7,54,54,48.5,39,94,62.7,26,9,4.3,0,28.1,28.0,28.0,0.00,12.0,2018.0
328,21,70,60.3,52,48,44.7,41,82,58.7,38,12,6.0,0,28.1,28.0,28.0,0.00,12.0,2018.0
329,22,64,57.9,54,43,38.2,32,63,49.1,32,10,7.0,3,28.1,28.1,28.0,0.00,12.0,2018.0
330,23,66,55.5,48,43,37.8,34,71,53.4,34,7,3.1,0,28.2,28.1,28.1,0.00,12.0,2018.0
331,24,68,57.1,46,37,36.4,34,71,48.2,28,7,2.4,0,28.1,28.1,28.1,0.00,12.0,2018.0
332,25,70,58.8,48,39,36.6,36,66,45.1,28,7,3.8,2,28.2,28.1,28.1,0.00,12.0,2018.0
333,26,70,58.9,48,39,37.0,36,71,46.5,28,8,4.6,2,28.1,28.1,28.0,0.00,12.0,2018.0
334,27,73,61.3,50,41,37.6,34,66,44.1,23,16,6.0,2,28.0,27.9,27.9,0.00,12.0,2018.0
335,28,79,65.1,54,52,41.3,34,55,42.7,23,16,6.4,2,28.0,27.9,27.8,0.00,12.0,2018.0
336,1,68,58.4,48,52,49.8,46,94,75.4,49,9,4.7,0,28.2,28.1,28.0,0.00,1.0,2019.0
337,2,82,67.3,55,54,50.3,45,88,58.1,26,12,6.8,3,28.1,28.0,27.9,0.00,1.0,2019.0
338,3,82,70.0,59,48,43.0,37,63,39.9,23,18,9.6,2,28.1,28.0,28.0,0.00,1.0,2019.0
339,4,66,59.4,54,45,35.0,28,72,42.7,26,12,7.3,2,28.2,28.2,28.1,0.00,1.0,2019.0
340,5,72,59.6,48,34,31.3,28,57,36.3,23,8,3.5,0,28.2,28.1,28.0,0.00,1.0,2019.0
341,6,79,66.1,55,37,32.5,27,42,29.3,17,12,7.2,2,28.0,27.9,27.9,0.00,1.0,2019.0
342,7,79,65.8,55,50,41.9,36,59,42.8,31,14,6.4,0,28.1,27.9,27.9,0.00,1.0,2019.0
343,8,72,60.0,52,46,41.0,36,59,50.2,33,9,5.1,2,28.1,28.0,27.9,0.00,1.0,2019.0
344,9,75,64.5,57,41,33.8,19,55,34.8,15,16,8.8,3,28.1,28.0,27.9,0.00,1.0,2019.0
345,10,63,54.8,48,32,27.6,21,50,36.2,23,12,7.7,0,28.2,28.1,28.1,0.00,1.0,2019.0
346,11,63,52.9,45,30,27.5,25,53,39.0,24,10,4.5,0,28.2,28.1,28.1,0.00,1.0,2019.0
347,12,68,56.4,45,32,27.6,23,61,35.4,21,8,3.8,0,28.1,28.0,28.0,0.00,1.0,2019.0
348,13,75,64.0,52,32,24.5,21,33,23.0,15,12,7.1,2,28.0,27.9,27.9,0.00,1.0,2019.0
349,14,81,67.3,57,36,30.6,23,38,26.1,16,12,6.3,3,27.9,27.9,27.8,0.00,1.0,2019.0
350,15,79,65.4,52,45,39.0,25,71,41.2,20,9,4.4,0,28.0,27.9,27.9,0.00,1.0,2019.0
351,16,82,71.0,61,48,44.8,41,59,40.5,25,14,6.8,2,27.9,27.9,27.8,0.00,1.0,2019.0
352,17,72,66.7,54,50,32.1,19,59,30.5,15,18,11.3,3,28.1,27.9,27.8,0.00,1.0,2019.0
353,18,63,54.0,45,25,21.0,18,39,28.9,18,10,3.9,2,28.1,28.0,28.0,0.00,1.0,2019.0
354,19,63,52.0,43,32,27.8,25,57,40.8,25,7,3.7,0,28.1,28.1,28.0,0.00,1.0,2019.0
355,20,61,51.3,41,28,26.9,23,61,40.5,27,6,2.5,0,28.2,28.1,28.1,0.00,1.0,2019.0
356,21,66,55.3,43,28,26.6,25,57,35.0,21,8,4.1,0,28.1,28.1,28.0,0.00,1.0,2019.0
357,22,77,60.8,46,34,27.8,25,43,29.9,16,6,2.6,0,28.0,28.0,27.9,0.00,1.0,2019.0
358,23,79,64.8,50,34,29.2,27,44,27.5,17,10,4.8,0,28.0,27.9,27.9,0.00,1.0,2019.0
359,24,81,66.4,52,30,26.5,19,44,24.8,11,10,4.5,0,28.0,28.0,27.9,0.00,1.0,2019.0
360,25,82,69.8,57,27,23.8,21,29,18.5,12,9,4.8,0,28.0,27.9,27.9,0.00,1.0,2019.0
361,26,84,69.6,55,34,28.3,23,39,22.5,14,12,3.8,0,28.0,28.0,27.9,0.00,1.0,2019.0
362,27,81,72.8,64,37,31.0,25,32,22.3,13,14,9.2,3,28.0,28.0,27.9,0.00,1.0,2019.0
363,28,81,73.0,63,55,38.8,32,68,30.0,21,21,15.6,7,28.0,27.9,27.8,0.00,1.0,2019.0
364,1,86,72.3,59,46,44.9,43,59,39.4,23,9,3.1,0,28.0,27.9,27.9,0.00,2.0,2019.0
365,2,86,69.6,59,50,46.7,43,72,46.6,22,16,6.1,2,27.9,27.9,27.8,0.00,2.0,2019.0
366,3,68,60.8,54,45,38.4,30,55,44.3,33,14,9.3,2,28.1,28.0,27.9,0.00,2.0,2019.0
367,4,68,57.0,48,39,28.9,18,66,38.9,15,9,5.3,0,28.2,28.1,28.1,0.00,2.0,2019.0
368,5,68,57.3,46,30,18.0,10,47,23.6,12,8,4.3,0,28.2,28.1,28.1,0.00,2.0,2019.0
369,6,68,56.3,46,25,20.5,16,40,26.0,15,7,3.7,0,28.2,28.1,28.1,0.00,2.0,2019.0
370,7,70,57.5,41,37,28.2,18,57,34.3,21,9,4.4,0,28.1,28.1,28.0,0.00,2.0,2019.0
371,8,75,63.7,55,39,31.9,27,51,32.5,19,15,9.1,3,28.0,28.0,27.9,0.00,2.0,2019.0
372,9,79,67.3,59,34,26.8,21,30,22.6,14,18,9.6,3,28.0,27.9,27.9,0.00,2.0,2019.0
373,2,2019,,,,,,,,,,,,,,,,,
374,11,70,60.2,52,59,54.2,43,94,81.7,60,21,8.6,2,28.0,27.9,27.8,0.00,2.0,2019.0
375,12,64,55.6,48,46,38.7,30,93,57.8,28,15,9.4,3,28.1,28.1,28.0,0.00,2.0,2019.0
376,13,66,55.3,43,39,33.8,30,81,48.8,26,6,3.6,0,28.2,28.1,28.1,0.00,2.0,2019.0
377,14,73,63.0,50,32,28.4,25,50,29.1,18,23,9.8,2,28.1,28.0,27.9,0.00,2.0,2019.0
378,15,82,70.9,61,50,35.0,27,52,28.0,17,16,5.8,0,27.9,27.9,27.8,0.00,2.0,2019.0
379,16,72,65.4,57,55,47.7,39,68,53.8,38,18,9.4,0,28.1,27.9,27.8,0.00,2.0,2019.0
380,17,68,58.0,50,41,28.7,21,58,35.3,17,13,8.3,3,28.1,28.0,28.0,0.00,2.0,2019.0
381,18,68,58.6,48,34,26.7,21,57,32.0,18,9,5.4,0,28.0,27.9,27.8,0.00,2.0,2019.0
382,19,68,57.3,50,39,30.4,18,66,39.1,15,29,13.6,6,28.1,27.9,27.8,0.00,2.0,2019.0
383,20,66,54.7,43,41,31.7,23,81,47.3,19,13,7.3,2,28.1,28.1,28.0,0.00,2.0,2019.0
384,21,68,56.8,43,32,27.0,21,61,35.1,17,9,3.6,0,28.1,28.1,28.0,0.00,2.0,2019.0
385,22,68,61.2,57,32,26.5,25,36,26.9,20,17,9.1,5,28.0,27.9,27.9,0.00,2.0,2019.0
386,23,79,68.0,59,36,30.7,28,34,25.6,18,10,7.2,2,27.9,27.9,27.9,0.00,2.0,2019.0
387,24,82,69.2,55,41,38.3,37,55,34.9,21,13,4.8,0,28.0,27.9,27.9,0.00,2.0,2019.0
388,25,73,64.5,57,52,37.9,25,82,42.8,20,12,7.6,5,28.1,28.0,28.0,0.00,2.0,2019.0
389,26,77,64.9,50,37,27.2,19,50,27.3,12,14,4.7,0,28.1,28.0,27.9,0.00,2.0,2019.0
390,27,82,73.8,64,43,30.2,19,33,20.7,15,15,8.4,3,27.8,27.8,27.7,0.00,2.0,2019.0
391,28,84,74.3,63,54,39.1,21,56,31.3,13,13,7.2,0,27.8,27.7,27.6,0.00,2.0,2019.0
392,1,66,61.8,55,32,28.2,27,38,28.1,23,24,12.8,5,27.9,27.8,27.6,0.00,3.0,2019.0
393,2,70,57.2,46,27,25.2,23,46,30.0,18,12,6.1,2,28.0,27.9,27.9,0.00,3.0,2019.0
394,3,70,60.4,48,30,25.5,21,50,28.1,16,7,3.7,0,28.0,27.9,27.9,0.00,3.0,2019.0
395,4,73,62.1,48,32,26.2,21,54,28.3,14,10,4.5,0,28.0,27.9,27.9,0.00,3.0,2019.0
396,5,75,65.4,54,28,26.8,25,33,23.9,17,16,9.3,3,28.0,27.9,27.8,0.00,3.0,2019.0
397,6,73,66.1,61,36,28.3,18,34,24.6,15,24,15.5,3,28.0,27.9,27.8,0.00,3.0,2019.0
398,7,73,61.3,50,36,29.5,23,58,32.4,16,14,8.3,0,28.1,28.0,27.9,0.00,3.0,2019.0
399,8,77,63.6,46,30,24.5,19,50,25.3,12,12,5.5,0,28.0,28.0,27.9,0.00,3.0,2019.0
400,9,70,60.7,52,28,23.9,16,33,24.7,18,17,11.4,5,28.1,28.1,28.0,0.00,3.0,2019.0
401,10,73,61.1,50,28,23.0,16,43,25.6,12,10,5.1,0,28.1,28.1,28.0,0.00,3.0,2019.0
402,11,77,64.0,46,23,21.0,18,34,20.7,12,10,4.1,0,28.0,27.9,27.9,0.00,3.0,2019.0
403,12,79,65.2,52,25,19.4,14,30,18.2,11,8,3.6,0,28.1,28.0,28.0,0.00,3.0,2019.0
404,13,81,66.6,50,25,20.5,18,30,18.6,10,13,6.0,0,28.1,28.0,27.9,0.00,3.0,2019.0
405,14,88,75.5,66,57,25.0,12,60,17.1,9,22,13.2,3,27.9,27.8,27.7,0.00,3.0,2019.0
406,15,77,67.2,57,57,30.6,19,68,29.4,12,22,10.5,6,28.0,27.9,27.8,0.00,3.0,2019.0
407,16,79,68.8,57,52,34.1,28,44,28.7,18,13,6.3,0,27.9,27.9,27.7,0.00,3.0,2019.0
408,17,75,69.1,59,55,30.2,21,60,26.0,13,22,12.5,3,28.0,27.9,27.8,0.00,3.0,2019.0
409,18,77,64.6,52,28,25.9,23,35,24.3,13,10,6.3,0,28.1,28.0,27.9,0.00,3.0,2019.0
410,19,81,66.4,50,32,27.5,21,47,25.8,12,8,3.1,0,28.1,28.0,27.9,0.00,3.0,2019.0
411,20,79,68.8,59,30,26.3,23,27,20.8,15,13,7.5,3,28.0,27.9,27.8,0.00,3.0,2019.0
412,21,81,70.7,63,36,29.6,25,30,22.4,16,13,9.4,7,27.9,27.8,27.8,0.00,3.0,2019.0
413,22,86,71.0,57,43,33.0,25,55,26.9,12,17,8.8,3,27.9,27.8,27.8,0.00,3.0,2019.0
414,23,84,72.1,61,57,45.0,41,64,40.2,22,13,6.3,0,27.9,27.8,27.7,0.00,3.0,2019.0
415,24,91,78.3,64,59,45.9,30,78,41.0,13,17,9.0,2,27.8,27.7,27.6,0.00,3.0,2019.0
416,25,90,79.8,70,66,52.2,45,88,42.1,21,17,10.6,3,27.8,27.6,27.6,0.00,3.0,2019.0
417,26,79,70.0,63,63,42.5,27,83,43.2,16,15,7.8,0,27.9,27.8,27.7,0.00,3.0,2019.0
418,27,81,69.0,54,39,33.6,28,54,29.8,15,8,4.8,0,28.0,27.9,27.9,0.00,3.0,2019.0
419,28,86,73.4,63,36,31.1,25,37,22.5,12,13,8.0,3,28.0,27.9,27.9,0.00,3.0,2019.0
420,1,75,71.5,64,66,40.6,21,83,38.6,14,15,7.7,0,27.9,27.8,27.6,0.00,4.0,2019.0
421,2,75,67.8,59,41,30.6,25,37,25.8,15,12,7.0,2,27.9,27.9,27.8,0.00,4.0,2019.0
422,3,88,74.7,59,45,40.6,36,59,32.3,17,12,6.0,2,27.9,27.8,27.7,0.00,4.0,2019.0
423,4,93,79.1,64,54,39.5,30,44,26.3,13,9,4.9,0,27.9,27.8,27.8,0.00,4.0,2019.0
424,5,91,80.3,70,55,51.4,48,57,37.9,23,17,8.1,3,27.9,27.8,27.7,0.00,4.0,2019.0
425,6,95,83.0,70,54,45.5,36,56,30.0,12,13,7.2,0,27.9,27.8,27.8,0.00,4.0,2019.0
426,7,97,84.3,75,54,44.6,23,44,27.3,7,22,11.6,0,27.8,27.8,27.7,0.00,4.0,2019.0
427,8,91,81.3,70,57,48.5,41,60,34.8,18,10,5.0,0,27.9,27.8,27.7,0.00,4.0,2019.0
428,9,90,77.0,66,57,47.9,43,73,37.6,22,24,10.9,3,27.9,27.8,27.7,0.00,4.0,2019.0
429,10,84,72.0,66,61,54.6,48,78,56.3,28,24,9.4,3,27.9,27.9,27.8,0.00,4.0,2019.0
430,11,88,75.8,66,59,51.3,43,78,46.3,22,20,8.2,0,27.9,27.8,27.7,0.00,4.0,2019.0
431,12,90,75.8,66,59,52.8,41,78,49.9,20,28,8.0,2,27.8,27.8,27.7,0.00,4.0,2019.0
432,13,81,70.1,61,59,53.9,46,88,59.1,32,25,10.0,0,27.9,27.8,27.7,0.00,4.0,2019.0
433,14,84,72.8,61,57,38.1,21,77,37.4,11,14,7.1,0,27.9,27.9,27.9,0.00,4.0,2019.0
434,15,91,75.3,55,43,29.5,14,63,24.0,6,7,2.7,0,27.9,27.9,27.8,0.00,4.0,2019.0
435,16,95,81.8,64,37,30.3,23,37,17.5,8,9,4.7,0,27.9,27.9,27.8,0.00,4.0,2019.0
436,17,99,86.5,73,46,24.9,19,28,11.9,6,13,7.8,3,27.9,27.8,27.7,0.00,4.0,2019.0
437,18,100,85.8,72,57,42.2,23,53,26.8,7,20,8.8,0,27.8,27.8,27.7,0.00,4.0,2019.0
438,19,95,84.0,75,55,39.0,27,50,22.8,11,13,7.2,3,27.8,27.8,27.7,0.00,4.0,2019.0
439,20,97,83.4,70,45,37.8,19,40,21.8,7,16,6.4,0,27.8,27.8,27.7,0.00,4.0,2019.0
440,21,88,78.4,70,48,43.3,36,46,29.8,19,12,7.3,2,27.8,27.7,27.6,0.00,4.0,2019.0
441,22,81,72.0,64,48,28.1,12,46,22.3,10,22,13.5,2,27.9,27.8,27.7,0.00,4.0,2019.0
442,23,79,68.4,55,21,15.6,12,25,14.2,8,14,9.6,3,28.1,28.0,27.9,0.00,4.0,2019.0
443,24,82,69.6,57,25,19.5,16,23,15.6,10,14,9.1,0,28.1,28.0,28.0,0.00,4.0,2019.0
444,25,84,71.9,57,28,24.4,19,27,17.5,11,8,5.0,3,28.1,28.0,27.9,0.00,4.0,2019.0
445,26,79,69.6,61,57,33.0,25,73,29.2,15,12,4.5,0,28.0,27.9,27.9,0.00,4.0,2019.0
446,27,84,74.7,66,55,40.6,23,68,31.6,11,13,7.1,2,28.0,27.9,27.8,0.00,4.0,2019.0
447,28,91,80.2,70,45,38.3,32,36,24.0,12,15,8.4,3,27.9,27.9,27.8,0.00,4.0,2019.0
448,1,93,83.9,72,39,31.4,25,31,16.2,10,13,7.0,2,27.9,27.8,27.8,0.00,5.0,2019.0
449,2,99,87.1,73,37,34.2,28,25,15.7,10,12,5.8,0,27.9,27.8,27.8,0.00,5.0,2019.0
450,3,102,88.5,79,57,41.5,34,47,21.7,10,15,8.7,0,27.9,27.8,27.7,0.00,5.0,2019.0
451,4,95,83.0,70,63,50.3,39,78,37.2,15,22,10.2,0,27.9,27.8,27.8,0.00,5.0,2019.0
452,5,100,87.5,77,55,44.9,39,39,24.5,12,25,4.4,0,27.9,27.9,27.8,0.00,5.0,2019.0
453,6,97,85.7,75,64,53.2,34,69,37.3,11,15,4.9,2,28.0,27.9,27.8,0.00,5.0,2019.0
454,7,104,88.9,75,54,44.7,36,41,23.9,9,26,7.4,3,27.9,27.8,27.7,0.00,5.0,2019.0
455,8,100,92.2,82,48,40.1,36,30,17.2,11,17,6.1,0,27.8,27.7,27.7,0.00,5.0,2019.0
456,9,104,93.6,86,46,39.3,34,25,15.8,9,29,11.1,3,27.8,27.7,27.6,0.00,5.0,2019.0
457,10,102,91.5,79,46,40.3,34,32,17.9,10,17,5.0,0,27.8,27.8,27.7,0.00,5.0,2019.0
458,11,95,87.9,81,52,42.3,37,37,21.0,13,20,8.6,0,27.9,27.8,27.8,0.00,5.0,2019.0
459,12,82,78.4,72,59,51.4,45,61,39.8,28,24,8.9,0,28.0,27.9,27.8,0.00,5.0,2019.0
460,13,97,85.0,70,54,46.8,39,56,30.2,14,25,6.5,0,27.9,27.8,27.8,0.00,5.0,2019.0
461,14,99,90.1,77,54,43.2,34,44,21.8,13,16,7.5,0,27.9,27.8,27.7,0.00,5.0,2019.0
462,15,104,90.7,77,41,33.5,30,28,14.7,8,7,3.3,0,27.8,27.8,27.7,0.00,5.0,2019.0
463,5,2019,,,,,,,,,,,,,,,,,
464,17,99,90.1,84,46,41.4,36,25,18.6,13,13,6.8,3,27.8,27.8,27.7,0.00,5.0,2019.0
465,18,93,83.8,77,54,47.0,39,44,28.8,15,17,6.1,2,27.8,27.7,27.7,0.00,5.0,2019.0
466,19,99,86.8,70,54,43.7,34,53,25.8,10,12,3.7,0,27.8,27.7,27.7,0.00,5.0,2019.0
467,20,102,88.0,81,52,46.0,39,32,23.9,12,21,8.5,3,27.8,27.8,27.7,0.00,5.0,2019.0
468,21,99,88.4,77,55,45.8,36,47,25.3,12,10,6.6,3,27.9,27.8,27.8,0.00,5.0,2019.0
469,22,102,90.0,77,48,41.4,32,34,20.3,9,10,4.3,0,27.9,27.9,27.8,0.00,5.0,2019.0
470,23,104,92.0,77,41,34.3,28,26,14.5,8,15,6.9,0,27.9,27.8,27.8,0.00,5.0,2019.0
471,24,102,91.1,75,37,32.8,28,25,13.7,8,9,3.5,0,27.9,27.8,27.8,0.00,5.0,2019.0
472,25,106,92.0,77,36,31.3,25,21,12.3,6,9,3.6,0,27.9,27.8,27.7,0.00,5.0,2019.0
473,26,104,92.6,77,48,31.8,27,24,12.5,7,8,4.2,0,27.8,27.8,27.7,0.00,5.0,2019.0
474,27,106,93.6,79,37,32.8,28,23,12.7,7,13,5.5,0,27.8,27.8,27.7,0.00,5.0,2019.0
475,28,106,98.6,91,30,27.4,25,10,8.1,7,8,6.3,5,27.8,27.7,27.7,0.00,5.0,2019.0
476,1,106,95.3,81,30,27.1,25,15,9.2,6,12,5.0,0,27.8,27.8,27.7,0.00,6.0,2019.0
477,2,109,96.5,82,32,28.5,27,14,9.5,6,16,5.5,0,28.0,27.8,27.7,0.00,6.0,2019.0
478,3,109,96.8,82,32,29.3,28,15,9.7,6,18,6.3,0,27.8,27.7,27.7,0.00,6.0,2019.0
479,4,108,95.5,82,32,26.8,19,13,9.0,6,20,11.7,5,27.7,27.7,27.6,0.00,6.0,2019.0
480,5,106,93.0,77,34,28.9,23,14,10.5,7,14,6.8,2,27.8,27.7,27.7,0.00,6.0,2019.0
481,6,106,95.1,81,41,34.7,30,18,12.3,9,6,3.5,0,27.8,27.7,27.7,0.00,6.0,2019.0
482,7,109,96.6,82,39,34.6,28,19,12.0,6,12,3.9,0,27.8,27.7,27.7,0.00,6.0,2019.0
483,8,109,97.8,82,34,31.0,27,16,10.0,6,8,3.6,0,27.8,27.7,27.7,0.00,6.0,2019.0
484,9,113,98.2,82,37,32.9,28,18,10.6,6,10,3.4,0,27.8,27.7,27.6,0.00,6.0,2019.0
485,10,113,100.5,84,36,31.7,28,15,9.5,5,8,4.0,0,27.7,27.6,27.6,0.00,6.0,2019.0
486,11,111,99.5,84,36,32.2,28,16,10.0,6,18,6.7,0,27.7,27.6,27.6,0.00,6.0,2019.0
487,12,109,99.0,86,36,32.9,28,14,10.0,7,15,9.3,3,27.7,27.7,27.6,0.00,6.0,2019.0
488,13,109,97.3,84,36,32.3,30,16,10.7,6,13,6.3,0,27.7,27.7,27.6,0.00,6.0,2019.0
489,14,111,100.8,86,36,34.8,27,17,10.4,8,13,5.6,0,27.7,27.6,27.6,0.00,6.0,2019.0
490,15,115,103.3,91,37,34.5,32,13,9.3,6,16,6.8,3,27.6,27.6,27.6,0.00,6.0,2019.0
491,16,115,104.0,91,39,35.0,30,14,9.5,6,12,4.6,0,27.7,27.6,27.6,0.00,6.0,2019.0
492,6,2019,,,,,,,,,,,,,,,,,
493,18,111,99.8,86,36,33.4,28,14,10.1,7,8,5.3,3,27.7,27.7,27.6,0.00,6.0,2019.0
494,19,109,97.4,86,37,34.7,32,17,11.4,7,13,6.5,0,27.7,27.7,27.6,0.00,6.0,2019.0
495,20,106,95.5,82,39,30.5,28,21,10.7,7,18,12.1,5,27.7,27.7,27.6,0.00,6.0,2019.0
496,21,104,94.3,81,32,26.6,21,14,9.2,6,23,15.0,8,27.8,27.7,27.6,0.00,6.0,2019.0
497,22,106,93.9,81,36,29.8,25,18,10.7,7,24,12.3,5,27.7,27.7,27.6,0.00,6.0,2019.0
498,6,2019,,,,,,,,,,,,,,,,,
499,24,108,95.7,79,32,30.0,27,17,10.3,7,8,4.3,0,27.7,27.7,27.6,0.00,6.0,2019.0
500,25,111,99.4,84,36,31.3,28,15,9.8,6,12,6.2,0,27.7,27.7,27.7,0.00,6.0,2019.0
501,26,115,100.7,84,30,27.1,23,12,7.9,5,18,9.6,2,27.8,27.7,27.6,0.00,6.0,2019.0
502,27,113,99.9,82,28,25.9,23,12,7.6,5,17,6.4,2,27.7,27.6,27.6,0.00,6.0,2019.0
503,28,115,100.9,82,30,26.8,25,13,7.8,5,13,5.6,0,27.6,27.6,27.5,0.00,6.0,2019.0
504,1,111,99.5,84,32,29.4,27,13,8.8,6,8,5.1,0,27.6,27.6,27.5,0.00,7.0,2019.0
505,2,109,97.7,84,39,34.7,32,18,11.5,8,14,6.8,3,27.6,27.6,27.6,0.00,7.0,2019.0
506,3,109,99.0,86,36,30.8,25,15,9.6,5,24,13.0,3,27.7,27.6,27.6,0.00,7.0,2019.0
507,4,111,98.4,84,36,29.8,27,14,9.5,6,17,10.8,5,27.7,27.6,27.6,0.00,7.0,2019.0
508,5,109,99.0,88,30,27.0,23,12,8.3,5,17,10.8,5,27.6,27.6,27.5,0.00,7.0,2019.0
509,6,115,100.4,84,30,27.5,25,12,8.0,5,13,7.2,0,27.6,27.5,27.5,0.00,7.0,2019.0
510,7,115,100.7,84,39,30.0,27,17,9.1,5,10,3.5,0,27.6,27.5,27.5,0.00,7.0,2019.0
511,8,113,102.6,91,36,29.4,28,12,8.1,6,9,4.2,0,27.6,27.6,27.5,0.00,7.0,2019.0
512,9,111,100.0,90,32,29.5,27,12,8.7,6,17,9.4,0,27.6,27.6,27.5,0.00,7.0,2019.0
513,10,109,97.5,84,30,28.2,23,12,8.9,6,17,11.3,6,27.6,27.5,27.5,0.00,7.0,2019.0
514,11,109,96.9,81,34,29.3,25,16,9.8,6,18,9.7,3,27.6,27.6,27.5,0.00,7.0,2019.0
515,12,109,97.0,81,32,25.5,19,12,8.1,5,17,10.3,5,27.6,27.6,27.6,0.00,7.0,2019.0
516,13,111,97.2,82,34,27.3,23,13,8.7,5,15,9.8,3,27.7,27.6,27.6,0.00,7.0,2019.0
517,14,109,96.9,84,32,28.3,25,14,9.2,6,17,9.3,3,27.7,27.6,27.6,0.00,7.0,2019.0
518,15,109,96.6,82,34,27.9,23,12,8.9,7,15,7.2,0,27.6,27.6,27.6,0.00,7.0,2019.0
519,16,109,97.0,82,46,34.1,25,20,11.4,7,17,7.9,0,27.6,27.6,27.5,0.00,7.0,2019.0
520,17,108,96.9,84,46,36.8,28,21,12.4,10,12,8.2,2,27.7,27.6,27.6,0.00,7.0,2019.0
521,18,108,96.2,81,43,35.2,27,17,11.9,7,18,10.5,5,27.7,27.6,27.6,0.00,7.0,2019.0
522,19,108,100.3,86,43,37.6,34,17,11.8,8,31,19.0,8,27.6,27.6,27.6,0.00,7.0,2019.0
523,20,106,96.5,82,41,37.1,32,17,12.8,9,20,12.6,5,27.7,27.6,27.6,0.00,7.0,2019.0
524,21,108,96.6,82,41,35.7,28,21,12.5,7,18,10.3,6,27.7,27.6,27.6,0.00,7.0,2019.0
525,22,109,97.7,81,41,35.1,27,17,11.4,8,18,9.6,2,27.6,27.6,27.5,0.00,7.0,2019.0
526,23,111,99.9,86,39,36.1,30,17,11.3,7,23,11.5,5,27.6,27.6,27.5,0.00,7.0,2019.0
527,24,113,99.4,84,50,35.3,27,23,11.5,5,20,9.0,0,27.6,27.6,27.5,0.00,7.0,2019.0
528,25,113,99.4,82,50,40.3,28,25,14.8,6,17,7.1,0,27.6,27.6,27.6,0.00,7.0,2019.0
529,26,113,99.0,84,46,33.9,28,20,11.0,6,22,8.4,2,27.6,27.6,27.5,0.00,7.0,2019.0
530,27,111,98.1,82,46,36.4,30,20,12.0,8,17,7.3,0,27.6,27.5,27.5,0.00,7.0,2019.0
531,28,109,98.6,84,48,42.5,37,23,15.4,9,16,6.4,2,27.6,27.5,27.5,0.00,7.0,2019.0
532,1,115,101.3,86,54,43.2,37,27,15.4,7,15,4.4,0,27.6,27.6,27.5,0.00,8.0,2019.0
533,2,113,101.3,88,50,43.3,37,22,14.8,8,14,5.9,0,27.6,27.6,27.5,0.00,8.0,2019.0
534,3,109,99.5,88,43,35.3,28,16,11.3,6,23,13.2,6,27.6,27.6,27.5,0.00,8.0,2019.0
535,4,109,97.3,84,52,43.1,39,27,16.4,11,12,6.7,2,27.6,27.6,27.5,0.00,8.0,2019.0
536,5,111,97.7,82,46,38.2,32,21,13.6,7,14,8.0,3,27.6,27.6,27.5,0.00,8.0,2019.0
537,6,109,97.7,84,45,39.2,36,22,14.1,8,18,9.1,2,27.6,27.6,27.5,0.00,8.0,2019.0
538,7,109,97.3,84,50,40.8,36,30,15.4,8,20,10.3,2,27.6,27.6,27.5,0.00,8.0,2019.0
539,8,108,96.8,82,39,36.5,34,21,12.8,8,21,12.7,7,27.6,27.6,27.5,0.00,8.0,2019.0
540,8,2019,,,,,,,,,,,,,,,,,
541,8,2019,,,,,,,,,,,,,,,,,
542,8,2019,,,,,,,,,,,,,,,,,
543,8,2019,,,,,,,,,,,,,,,,,
544,8,2019,,,,,,,,,,,,,,,,,
545,14,109,97.9,86,43,37.6,32,19,12.8,9,22,13.2,6,27.7,27.6,27.6,0.00,8.0,2019.0
546,15,109,98.7,86,41,38.3,32,17,12.8,8,22,12.1,6,27.7,27.6,27.6,0.00,8.0,2019.0
547,16,109,98.2,86,43,38.1,32,19,13.2,8,20,11.0,6,27.7,27.7,27.6,0.00,8.0,2019.0
548,17,108,95.5,84,45,34.7,30,20,12.5,7,21,12.5,2,27.7,27.6,27.6,0.00,8.0,2019.0
549,18,108,94.9,79,46,38.9,32,32,15.3,9,14,6.5,0,27.7,27.7,27.6,0.00,8.0,2019.0
550,19,108,96.3,82,52,44.4,36,31,18.2,9,13,3.9,0,27.8,27.7,27.6,0.00,8.0,2019.0
551,20,108,95.8,81,55,45.5,37,31,19.5,10,15,4.8,0,27.8,27.7,27.7,0.00,8.0,2019.0
552,21,108,95.4,79,52,43.0,36,30,17.7,8,12,4.3,0,27.8,27.7,27.6,0.00,8.0,2019.0
553,22,109,96.7,81,54,44.5,37,27,17.5,10,9,4.6,0,27.7,27.7,27.6,0.00,8.0,2019.0
554,23,108,97.7,88,45,39.1,30,22,14.0,7,10,5.9,2,27.7,27.7,27.6,0.00,8.0,2019.0
555,24,108,96.0,81,50,42.8,36,24,16.4,10,8,4.9,2,27.7,27.7,27.6,0.00,8.0,2019.0
556,25,109,97.0,82,50,37.4,30,27,13.6,6,9,5.6,2,27.7,27.7,27.6,0.00,8.0,2019.0
557,26,109,96.0,81,48,41.5,34,32,17.0,8,12,5.1,0,27.7,27.7,27.6,0.00,8.0,2019.0
558,27,111,96.7,79,54,45.2,37,28,18.2,8,10,3.0,0,27.7,27.7,27.6,0.00,8.0,2019.0
559,28,109,97.3,82,54,44.5,37,25,17.5,9,12,4.6,0,27.7,27.6,27.6,0.00,8.0,2019.0
560,1,111,98.8,82,46,40.3,34,26,14.4,7,15,6.3,0,27.6,27.6,27.6,0.00,9.0,2019.0
561,2,111,99.2,90,54,45.8,34,26,17.3,7,13,4.2,0,27.7,27.7,27.6,0.00,9.0,2019.0
562,3,111,98.7,86,54,45.8,39,25,17.5,9,15,4.6,0,27.7,27.6,27.6,0.00,9.0,2019.0
563,4,109,98.2,84,50,44.6,37,30,17.4,9,9,4.4,0,27.7,27.6,27.6,0.00,9.0,2019.0
564,5,113,98.4,82,55,45.8,37,35,18.5,8,9,3.8,0,27.7,27.6,27.6,0.00,9.0,2019.0
565,6,111,99.9,88,54,47.6,41,27,17.7,11,9,3.6,0,27.7,27.6,27.6,0.00,9.0,2019.0
566,7,111,97.4,84,54,46.3,37,28,18.3,10,12,5.0,0,27.7,27.6,27.6,0.00,9.0,2019.0
567,8,108,95.2,81,52,45.2,39,32,19.0,11,13,6.0,0,27.7,27.7,27.6,0.00,9.0,2019.0
568,9,104,93.7,81,52,42.6,36,25,17.2,12,12,6.4,3,27.7,27.7,27.6,0.00,9.0,2019.0
569,10,102,92.5,81,50,44.8,41,32,20.0,13,12,6.5,0,27.8,27.7,27.6,0.00,9.0,2019.0
570,11,102,91.0,77,52,45.6,39,39,22.1,12,16,6.5,0,27.8,27.7,27.7,0.00,9.0,2019.0
571,12,102,91.1,75,54,44.9,39,41,22.0,11,16,6.8,0,27.8,27.8,27.7,0.00,9.0,2019.0
572,13,104,91.9,75,52,46.1,39,36,21.8,14,8,4.2,0,27.8,27.8,27.7,0.00,9.0,2019.0
573,14,106,94.6,79,52,45.5,37,35,19.6,11,8,5.0,0,27.8,27.8,27.7,0.00,9.0,2019.0
574,15,108,94.6,79,54,44.6,36,39,19.1,9,12,5.8,2,27.8,27.8,27.7,0.00,9.0,2019.0
575,16,108,94.4,79,52,43.9,36,37,19.3,10,9,4.5,0,27.8,27.8,27.7,0.00,9.0,2019.0
576,17,109,94.4,79,54,47.4,39,32,21.0,10,8,3.3,0,27.8,27.8,27.7,0.00,9.0,2019.0
577,18,108,93.4,77,50,43.6,34,29,18.6,11,8,4.0,0,27.8,27.8,27.7,0.00,9.0,2019.0
578,19,106,93.6,79,48,40.5,36,28,16.8,9,17,8.6,0,27.9,27.8,27.8,0.00,9.0,2019.0
579,20,104,92.0,75,48,40.0,36,27,17.2,11,12,7.1,2,27.9,27.8,27.8,0.00,9.0,2019.0
580,21,108,92.8,79,52,42.3,36,28,18.5,9,9,5.0,2,27.8,27.7,27.6,0.00,9.0,2019.0
581,22,106,91.8,77,46,34.6,19,26,14.7,5,14,7.1,0,27.8,27.7,27.6,0.00,9.0,2019.0
582,23,106,90.7,73,46,40.7,36,36,19.2,9,16,6.3,0,27.8,27.8,27.7,0.00,9.0,2019.0
583,24,106,93.5,79,54,44.9,36,30,19.5,11,8,4.3,0,27.8,27.8,27.7,0.00,9.0,2019.0
584,25,104,92.6,77,52,43.0,36,30,19.2,9,10,5.8,0,27.8,27.8,27.8,0.00,9.0,2019.0
585,26,102,90.3,75,59,48.8,43,36,25.3,14,10,4.8,0,27.9,27.8,27.8,0.00,9.0,2019.0
586,27,100,91.0,81,63,58.2,54,48,34.3,21,8,4.0,0,27.9,27.8,27.8,0.00,9.0,2019.0
587,28,106,92.6,81,63,55.0,45,45,30.1,14,9,4.3,0,27.9,27.8,27.8,0.00,9.0,2019.0
588,1,104,92.6,79,55,47.6,39,34,21.8,14,6,3.0,0,27.8,27.8,27.8,0.00,10.0,2019.0
589,2,104,91.5,75,57,47.7,43,47,23.3,13,9,3.2,0,27.9,27.8,27.8,0.00,10.0,2019.0
590,3,108,93.2,79,54,47.1,41,34,21.3,12,7,3.4,0,27.9,27.8,27.8,0.00,10.0,2019.0
591,4,108,93.4,79,54,45.5,41,33,20.5,10,9,4.4,0,27.9,27.8,27.8,0.00,10.0,2019.0
592,5,102,91.4,81,57,51.0,46,37,25.8,16,9,6.1,3,27.9,27.8,27.8,0.00,10.0,2019.0
593,6,104,91.0,77,59,50.5,41,42,26.6,15,14,4.9,0,27.8,27.8,27.7,0.00,10.0,2019.0
594,7,100,90.1,81,59,49.0,43,40,25.4,16,14,6.6,2,27.9,27.8,27.8,0.00,10.0,2019.0
595,8,97,88.1,79,70,57.8,46,74,39.4,18,10,5.8,2,27.9,27.9,27.9,0.00,10.0,2019.0
596,9,97,87.3,77,61,55.5,54,48,34.9,25,9,4.7,0,28.0,27.9,27.9,0.00,10.0,2019.0
597,10,99,88.3,77,61,52.8,43,50,32.0,16,12,3.7,0,27.9,27.9,27.9,0.00,10.0,2019.0
598,11,100,88.2,75,52,45.8,36,38,24.7,14,12,5.3,0,27.9,27.9,27.8,0.00,10.0,2019.0
599,12,99,86.5,73,50,44.5,37,36,24.1,14,6,3.1,0,27.9,27.8,27.8,0.00,10.0,2019.0
600,13,99,86.2,70,52,43.9,36,38,23.7,16,9,4.8,0,27.9,27.8,27.8,0.00,10.0,2019.0
601,10,2019,,,,,,,,,,,,,,,,,
602,15,97,84.8,72,57,49.4,39,53,31.8,15,8,3.8,0,28.0,27.9,27.9,0.00,10.0,2019.0
603,16,95,84.0,73,61,50.3,41,61,34.5,15,7,3.6,0,28.0,27.9,27.9,0.00,10.0,2019.0
604,17,95,82.5,70,52,43.4,34,40,26.8,12,7,3.0,0,28.0,28.0,27.9,0.00,10.0,2019.0
605,18,95,83.5,72,46,40.5,27,35,23.4,9,12,5.3,0,28.0,27.9,27.9,0.00,10.0,2019.0
606,19,93,82.5,70,48,43.3,39,38,26.6,15,10,5.4,0,28.0,27.9,27.9,0.00,10.0,2019.0
607,20,93,81.9,68,50,46.0,41,41,29.5,17,9,3.2,0,28.0,27.9,27.9,0.00,10.0,2019.0
608,21,97,82.9,66,52,45.2,39,46,28.4,14,9,3.2,0,27.9,27.9,27.8,0.00,10.0,2019.0
609,22,97,82.9,68,45,41.8,36,40,24.9,13,15,4.6,0,27.9,27.9,27.8,0.00,10.0,2019.0
610,23,97,83.3,70,46,38.5,30,38,22.4,12,13,4.3,0,27.9,27.9,27.8,0.00,10.0,2019.0
611,24,97,83.5,68,52,41.5,30,40,24.1,15,13,3.8,0,27.9,27.9,27.8,0.00,10.0,2019.0
612,25,95,83.3,73,48,40.5,30,36,23.0,13,9,3.1,0,27.9,27.8,27.8,0.00,10.0,2019.0
613,26,97,84.1,70,50,42.4,36,40,24.7,13,10,4.0,0,27.9,27.8,27.8,0.00,10.0,2019.0
614,27,97,85.0,73,46,40.0,34,32,21.7,12,13,6.0,0,27.8,27.8,27.7,0.00,10.0,2019.0
615,28,97,84.5,72,55,43.8,34,44,26.8,11,17,7.1,0,27.8,27.8,27.7,0.00,10.0,2019.0
616,1,84,75.6,66,57,50.6,45,73,43.7,25,9,6.1,2,28.0,27.9,27.9,0.00,11.0,2019.0
617,2,88,77.2,66,57,52.0,46,52,42.1,33,9,6.1,2,27.9,27.9,27.9,0.00,11.0,2019.0
618,3,95,82.5,72,55,51.0,45,53,35.5,18,12,6.0,0,28.0,27.9,27.9,0.00,11.0,2019.0
619,4,95,82.8,72,54,47.7,41,53,31.3,15,14,6.2,0,28.0,27.9,27.9,0.00,11.0,2019.0
620,5,95,80.0,68,57,49.9,43,50,36.3,20,12,5.1,0,28.0,27.9,27.9,0.00,11.0,2019.0
621,11,2019,,,,,,,,,,,,,,,,,
622,7,93,78.5,64,52,45.2,39,49,32.3,18,8,3.4,0,28.0,27.9,27.9,0.00,11.0,2019.0
623,8,91,81.2,70,48,42.3,34,38,26.2,13,9,5.3,2,28.0,27.9,27.9,0.00,11.0,2019.0
624,9,91,80.2,68,48,43.0,34,46,28.5,13,12,4.3,0,27.9,27.9,27.9,0.00,11.0,2019.0
625,10,88,76.8,64,55,49.3,46,59,39.4,25,13,6.2,0,28.0,27.9,27.9,0.00,11.0,2019.0
626,11,77,72.6,66,59,52.8,45,64,50.7,32,15,6.7,0,28.0,28.0,27.9,0.00,11.0,2019.0
627,12,81,70.1,61,55,49.4,39,77,50.5,27,10,3.0,0,28.0,28.0,27.9,0.00,11.0,2019.0
628,13,75,67.0,59,57,45.8,36,77,48.9,24,7,2.3,0,28.0,28.0,28.0,0.00,11.0,2019.0
629,14,81,70.0,59,57,50.0,39,88,53.5,26,8,3.0,0,28.1,28.0,27.9,0.00,11.0,2019.0
630,15,75,67.0,63,54,48.8,43,68,52.6,34,13,4.6,0,28.0,27.9,27.9,0.00,11.0,2019.0
631,16,73,66.4,63,52,46.8,41,68,50.4,31,14,6.8,2,27.9,27.9,27.8,0.00,11.0,2019.0
632,17,77,67.0,59,55,43.3,28,68,45.5,17,14,6.5,0,27.9,27.9,27.9,0.00,11.0,2019.0
633,18,75,67.4,61,61,57.6,52,94,72.8,44,13,6.0,2,27.9,27.9,27.9,0.00,11.0,2019.0
634,19,66,60.4,55,61,56.3,50,94,86.5,77,15,7.2,0,28.0,28.0,27.9,0.00,11.0,2019.0
635,20,66,57.8,52,50,37.5,23,82,51.3,21,14,8.8,5,28.0,28.0,27.9,0.00,11.0,2019.0
636,21,66,54.2,43,37,32.8,25,70,47.3,22,12,6.4,0,28.1,28.0,28.0,0.00,11.0,2019.0
637,22,66,55.0,43,41,34.7,27,76,49.9,24,7,2.7,0,28.1,28.1,28.0,0.00,11.0,2019.0
638,23,72,62.0,50,41,36.7,27,66,42.5,19,10,5.4,0,28.1,28.0,27.9,0.00,11.0,2019.0
639,24,72,65.6,59,54,44.4,36,72,47.3,33,14,7.5,3,28.0,28.0,27.9,0.00,11.0,2019.0
640,25,73,64.0,57,55,54.2,52,88,71.7,50,8,5.1,2,28.0,27.9,27.9,0.00,11.0,2019.0
641,26,79,66.6,55,57,54.8,52,88,67.9,44,8,3.5,0,28.1,28.0,27.9,0.00,11.0,2019.0
642,27,79,67.8,55,57,53.6,50,94,63.1,36,6,2.8,0,28.1,28.0,27.9,0.00,11.0,2019.0
643,28,79,69.5,59,55,52.0,50,82,55.7,36,10,5.3,0,28.0,28.0,27.9,0.00,11.0,2019.0
644,1,81,68.9,57,55,49.1,41,88,53.6,26,8,3.6,0,28.1,28.0,27.9,0.00,12.0,2019.0
645,2,81,70.8,59,48,43.0,39,63,38.5,23,14,6.6,0,28.0,27.9,27.8,0.00,12.0,2019.0
646,3,75,66.7,59,48,43.2,39,67,44.0,27,9,6.7,0,28.0,27.9,27.9,0.00,12.0,2019.0
647,4,73,62.4,52,45,41.8,39,67,48.0,33,7,3.7,0,28.1,28.0,28.0,0.00,12.0,2019.0
648,5,73,63.2,54,45,43.1,41,72,48.9,33,10,5.1,2,28.1,28.0,28.0,0.00,12.0,2019.0
649,6,77,68.3,59,46,41.1,36,63,39.6,22,14,8.8,5,28.1,28.0,27.9,0.00,12.0,2019.0
650,7,81,67.8,61,59,42.7,34,88,44.8,18,15,8.5,2,27.9,27.9,27.8,0.00,12.0,2019.0
651,8,66,61.2,55,59,51.2,45,94,70.3,56,10,5.7,0,28.0,27.9,27.9,0.00,12.0,2019.0
652,9,66,59.7,50,55,49.3,43,82,68.5,55,10,5.3,0,28.0,28.0,27.9,0.00,12.0,2019.0
653,10,72,65.8,63,63,60.4,57,88,82.8,73,8,6.4,3,28.0,27.9,27.8,0.00,12.0,2019.0
654,11,72,65.6,59,63,55.7,50,94,71.7,46,9,4.5,0,28.0,27.9,27.9,0.00,12.0,2019.0
655,12,73,63.2,54,52,47.8,43,88,60.6,35,10,5.3,0,28.0,27.9,27.9,0.00,12.0,2019.0
656,13,82,69.9,61,59,47.5,41,63,45.6,29,21,8.8,2,28.0,27.9,27.8,0.00,12.0,2019.0
657,14,73,65.7,59,43,38.8,32,55,38.6,22,9,5.4,0,28.1,28.0,27.9,0.00,12.0,2019.0
658,15,72,65.6,61,61,53.7,39,88,66.6,40,12,7.2,3,28.0,27.9,27.9,0.00,12.0,2019.0
659,16,73,66.5,59,63,59.4,48,88,77.6,56,16,7.1,0,27.9,27.9,27.8,0.00,12.0,2019.0
660,17,63,57.1,54,54,47.2,43,88,70.9,52,15,11.5,5,28.1,28.0,27.9,0.00,12.0,2019.0
661,18,66,56.8,50,45,40.5,34,82,56.9,34,13,7.2,3,28.2,28.1,28.1,0.00,12.0,2019.0
662,19,64,55.1,46,41,38.1,34,71,55.0,32,14,8.8,5,28.2,28.2,28.1,0.00,12.0,2019.0
663,20,64,54.5,45,39,35.3,28,81,51.8,26,12,7.0,2,28.2,28.1,28.1,0.00,12.0,2019.0
664,21,66,53.0,41,34,32.2,25,76,47.9,24,6,3.4,0,28.2,28.1,28.1,0.00,12.0,2019.0
665,22,66,52.8,39,37,32.3,30,70,48.1,30,6,2.0,0,28.1,28.1,28.0,0.00,12.0,2019.0
666,23,68,54.0,39,37,32.1,28,75,46.6,23,5,2.0,0,28.1,28.0,28.0,0.00,12.0,2019.0
667,24,72,58.1,45,37,35.5,32,71,44.9,27,5,2.0,0,28.1,28.0,28.0,0.00,12.0,2019.0
668,25,73,60.4,50,39,36.3,34,58,42.4,23,8,5.1,3,28.0,28.0,27.9,0.00,12.0,2019.0
669,26,77,63.0,52,45,39.1,34,59,43.2,23,10,4.3,0,28.0,27.9,27.9,0.00,12.0,2019.0
670,27,81,65.0,50,45,40.7,39,66,43.5,24,8,3.5,0,27.9,27.9,27.8,0.00,12.0,2019.0
671,28,75,62.0,52,43,37.4,30,67,41.6,24,9,5.3,0,28.0,27.9,27.9,0.00,12.0,2019.0
672,1,66,60.3,54,39,35.6,32,58,40.4,30,10,6.1,3,28.0,27.9,27.9,0.00,1.0,2020.0
673,2,75,63.4,54,46,39.3,30,52,41.1,31,13,6.6,2,28.0,27.9,27.9,0.00,1.0,2020.0
674,3,86,72.0,59,50,45.9,41,72,41.9,23,10,6.6,3,28.0,27.9,27.9,0.00,1.0,2020.0
675,4,81,71.6,64,54,47.6,41,56,42.9,28,14,6.8,2,27.9,27.9,27.8,0.00,1.0,2020.0
676,5,59,55.7,50,57,51.9,46,94,86.8,72,9,4.7,0,28.0,27.9,27.8,0.00,1.0,2020.0
677,6,61,52.7,45,50,44.1,39,87,73.5,48,8,4.1,0,28.1,28.1,28.0,0.00,1.0,2020.0
678,7,64,54.1,43,45,41.3,37,93,65.4,37,6,2.7,0,28.1,28.1,28.0,0.00,1.0,2020.0
679,8,70,59.2,48,45,38.3,32,71,48.4,30,10,6.3,3,28.0,27.9,27.9,0.00,1.0,2020.0
680,9,70,60.4,52,46,42.1,37,72,52.1,37,7,4.4,0,27.9,27.9,27.8,0.00,1.0,2020.0
681,10,70,58.0,48,50,40.5,28,87,57.2,24,13,4.7,0,27.8,27.8,27.7,0.00,1.0,2020.0
682,11,61,53.2,46,39,32.9,25,76,48.1,27,20,10.8,5,28.1,27.9,27.8,0.00,1.0,2020.0
683,12,61,51.7,45,34,30.6,25,62,46.0,27,16,9.5,0,28.2,28.1,28.1,0.00,1.0,2020.0
684,13,66,52.0,39,36,31.7,23,75,49.2,21,7,3.4,0,28.1,28.1,28.0,0.00,1.0,2020.0
685,14,64,53.4,45,34,28.6,21,62,39.7,30,17,10.2,3,28.1,28.1,28.0,0.00,1.0,2020.0
686,15,59,49.5,39,36,29.4,21,62,46.6,34,9,4.6,0,28.2,28.2,28.1,0.00,1.0,2020.0
687,16,66,53.5,41,39,35.3,32,76,52.5,30,10,4.3,0,28.2,28.1,28.1,0.00,1.0,2020.0
688,17,72,60.0,48,41,36.2,32,66,44.3,25,16,8.9,2,28.1,28.0,27.9,0.00,1.0,2020.0
689,18,77,63.9,50,43,35.9,32,58,36.3,23,10,6.0,2,28.0,27.9,27.9,0.00,1.0,2020.0
690,19,72,61.3,52,46,42.1,36,67,50.2,35,9,5.0,0,28.0,27.9,27.9,0.00,1.0,2020.0
691,20,70,59.4,48,43,38.5,32,71,48.9,25,7,3.3,0,28.1,28.0,28.0,0.00,1.0,2020.0
692,21,70,60.3,48,41,37.7,32,71,45.7,30,20,7.7,0,28.0,27.9,27.9,0.00,1.0,2020.0
693,22,68,61.5,55,41,33.8,30,51,35.8,28,17,11.3,3,28.0,27.9,27.8,0.00,1.0,2020.0
694,23,61,54.0,48,32,28.2,25,46,37.6,29,14,10.1,7,28.1,28.0,28.0,0.00,1.0,2020.0
695,24,63,52.9,39,36,31.1,28,70,45.5,32,9,3.4,0,28.1,28.0,27.9,0.00,1.0,2020.0
696,25,63,53.7,46,32,27.1,19,57,36.9,25,16,9.8,0,28.1,28.1,28.0,0.00,1.0,2020.0
697,26,59,49.0,41,34,28.6,18,65,46.8,32,22,13.4,5,28.2,28.2,28.1,0.00,1.0,2020.0
698,27,64,50.7,39,34,30.4,27,70,48.8,26,10,6.0,0,28.2,28.2,28.1,0.00,1.0,2020.0
699,28,66,52.6,37,36,31.5,28,70,47.0,30,5,1.8,0,28.2,28.1,28.0,0.00,1.0,2020.0
700,1,72,63.0,55,34,30.6,28,41,30.2,22,16,9.3,3,28.1,27.9,27.9,0.00,2.0,2020.0
701,2,68,56.2,45,30,27.0,23,53,34.0,19,7,3.8,0,28.1,28.1,28.0,0.00,2.0,2020.0
702,3,68,55.5,46,36,30.3,21,47,38.5,28,6,4.0,0,28.2,28.1,28.1,0.00,2.0,2020.0
703,4,70,58.8,45,36,32.1,30,66,39.1,23,12,5.3,0,28.1,28.0,27.9,0.00,2.0,2020.0
704,5,75,63.7,54,43,36.0,32,51,36.1,27,12,6.1,3,28.0,28.0,27.9,0.00,2.0,2020.0
705,6,79,67.8,55,43,37.1,32,51,33.8,23,14,6.7,3,28.1,28.0,28.0,0.00,2.0,2020.0
706,7,82,70.8,61,46,38.8,36,45,32.6,20,8,5.4,3,28.0,27.9,27.9,0.00,2.0,2020.0
707,8,84,72.3,59,50,39.0,28,51,31.0,22,13,6.5,2,28.0,27.9,27.9,0.00,2.0,2020.0
708,9,70,65.0,57,39,34.4,30,45,32.0,25,9,7.3,2,28.1,28.0,27.9,0.00,2.0,2020.0
709,10,64,56.8,50,34,32.5,30,54,40.5,32,8,5.9,3,28.1,28.0,27.9,0.00,2.0,2020.0
710,11,61,49.9,41,28,25.2,18,57,39.8,25,15,10.8,7,28.2,28.1,28.0,0.00,2.0,2020.0
711,12,61,45.3,36,19,14.5,10,45,30.2,17,14,8.0,3,28.3,28.2,28.2,0.00,2.0,2020.0
712,13,66,50.7,34,30,23.0,14,52,35.1,21,5,2.0,0,28.3,28.2,28.2,0.00,2.0,2020.0
713,14,77,59.8,41,36,28.5,21,53,33.2,17,7,3.1,0,28.2,28.1,28.1,0.00,2.0,2020.0
714,15,77,62.5,46,34,30.6,27,53,32.6,18,6,2.6,0,28.1,28.1,28.0,0.00,2.0,2020.0
715,16,79,65.5,50,34,23.3,12,44,23.8,9,15,8.0,0,28.0,27.9,27.9,0.00,2.0,2020.0
716,2,2020,,,,,,,,,,,,,,,,,
717,18,84,71.4,59,34,27.1,23,34,19.9,11,15,8.1,2,28.0,27.9,27.9,0.00,2.0,2020.0
718,2,2020,,,,,,,,,,,,,,,,,
719,2,2020,,,,,,,,,,,,,,,,,
720,21,73,63.1,52,41,36.4,28,58,39.4,21,9,4.5,0,28.0,28.0,27.9,0.00,2.0,2020.0
721,22,79,68.1,59,43,36.5,28,51,33.6,16,9,5.3,0,28.0,28.0,27.9,0.00,2.0,2020.0
722,2,2020,,,,,,,,,,,,,,,,,
723,24,88,76.4,66,57,50.6,41,73,44.7,21,21,10.4,2,27.9,27.9,27.8,0.00,2.0,2020.0
724,25,91,79.3,63,50,40.3,32,48,26.7,12,25,9.1,0,27.9,27.8,27.7,0.00,2.0,2020.0
725,26,75,65.8,57,37,29.8,16,37,26.8,13,21,13.6,6,28.1,28.0,27.9,0.00,2.0,2020.0
726,27,75,64.0,54,39,36.3,30,54,38.0,19,13,6.8,0,28.1,28.1,28.0,0.00,2.0,2020.0
727,28,81,66.0,48,43,37.1,32,57,36.1,21,6,2.3,0,28.0,28.0,27.9,0.00,2.0,2020.0
728,1,88,75.5,66,41,34.9,30,37,23.8,15,12,6.6,2,27.9,27.8,27.8,0.00,3.0,2020.0
729,2,75,65.3,57,36,30.5,28,42,28.1,18,17,10.9,0,28.1,28.0,27.9,0.00,3.0,2020.0
730,3,77,62.9,50,36,29.6,25,50,30.6,14,8,4.1,0,28.1,28.0,28.0,0.00,3.0,2020.0
731,4,79,64.4,50,39,34.1,28,54,34.5,17,8,2.8,0,28.1,28.0,27.9,0.00,3.0,2020.0
732,5,82,66.8,52,43,36.5,32,50,34.3,17,6,2.1,0,28.0,28.0,27.9,0.00,3.0,2020.0
733,6,88,71.4,55,37,34.3,30,47,27.6,16,9,4.3,0,28.0,27.9,27.8,0.00,3.0,2020.0
734,7,86,75.7,63,37,31.1,27,34,20.7,13,17,9.1,2,27.9,27.9,27.8,0.00,3.0,2020.0
735,8,79,69.5,59,39,33.6,30,40,27.4,18,17,10.5,0,28.0,27.9,27.9,0.00,3.0,2020.0
736,9,79,66.0,55,41,37.7,34,51,36.4,21,14,7.2,0,28.0,27.9,27.9,0.00,3.0,2020.0
737,10,82,67.6,52,43,38.1,34,58,36.3,20,9,2.8,0,28.0,28.0,27.9,0.00,3.0,2020.0
738,11,82,70.0,57,41,35.6,32,48,29.8,17,10,3.3,0,28.0,28.0,27.9,0.00,3.0,2020.0
739,12,82,71.5,57,39,32.4,28,44,25.7,14,10,5.3,0,28.0,27.9,27.9,0.00,3.0,2020.0
740,13,82,73.7,63,30,25.8,19,26,17.6,12,18,10.1,5,27.9,27.9,27.8,0.00,3.0,2020.0
741,14,82,76.5,70,48,36.9,23,43,24.9,14,18,10.2,2,27.9,27.8,27.8,0.00,3.0,2020.0
742,15,82,72.1,63,48,44.2,41,52,37.8,23,14,8.2,0,27.9,27.8,27.8,0.00,3.0,2020.0
743,16,82,71.5,61,50,43.5,41,59,37.7,23,13,6.0,0,27.9,27.9,27.9,0.00,3.0,2020.0
744,17,84,74.1,61,46,45.1,43,59,37.3,23,12,6.3,0,28.0,27.9,27.8,0.00,3.0,2020.0
745,18,90,79.6,70,52,45.3,39,47,30.6,22,15,8.9,5,27.9,27.8,27.7,0.00,3.0,2020.0
746,19,82,73.1,63,48,41.9,32,49,33.4,23,14,8.3,3,27.9,27.8,27.8,0.00,3.0,2020.0
747,20,84,73.3,59,55,43.5,30,44,34.7,28,10,5.3,0,27.9,27.8,27.7,0.00,3.0,2020.0
748,21,86,76.6,66,57,40.5,25,68,33.8,11,14,6.2,2,27.8,27.7,27.7,0.00,3.0,2020.0
749,22,77,70.2,61,34,27.9,21,32,21.2,13,18,10.6,6,27.9,27.8,27.7,0.00,3.0,2020.0
750,23,77,64.4,52,32,26.8,21,44,26.3,13,14,6.7,0,28.0,27.9,27.9,0.00,3.0,2020.0
751,24,82,67.8,52,36,29.7,23,44,26.5,13,9,3.8,0,27.9,27.9,27.8,0.00,3.0,2020.0
752,25,86,74.1,59,39,32.7,27,39,23.2,14,10,4.7,0,27.9,27.8,27.7,0.00,3.0,2020.0
753,26,90,79.8,70,39,30.4,25,27,17.2,12,14,8.4,0,27.8,27.7,27.6,0.00,3.0,2020.0
754,27,93,81.2,68,48,34.8,30,36,19.8,12,15,9.3,0,27.8,27.7,27.7,0.00,3.0,2020.0
755,28,97,84.7,73,54,43.9,36,38,25.6,12,20,6.6,0,28.0,27.7,27.6,0.00,3.0,2020.0
756,1,90,79.3,68,37,31.7,27,24,18.2,14,17,11.8,6,27.9,27.9,27.8,0.00,4.0,2020.0
757,2,95,83.9,72,43,35.5,30,31,18.9,10,15,6.1,0,27.9,27.8,27.8,0.00,4.0,2020.0
758,3,95,82.0,70,45,37.4,30,38,22.2,10,21,8.8,3,27.9,27.8,27.8,0.00,4.0,2020.0
759,4,90,77.1,66,48,39.5,28,52,29.3,15,14,8.6,0,28.0,27.9,27.9,0.00,4.0,2020.0
760,5,91,81.0,70,39,34.1,28,29,19.0,13,13,7.7,0,28.1,28.0,27.9,0.00,4.0,2020.0
761,6,95,84.1,73,46,39.7,36,31,21.1,14,8,6.3,3,28.0,27.9,27.9,0.00,4.0,2020.0
762,7,100,86.5,77,52,44.3,37,41,24.0,13,28,8.5,2,28.0,27.9,27.8,0.00,4.0,2020.0
763,8,102,88.6,75,52,42.9,36,41,22.2,11,17,7.5,0,27.9,27.8,27.7,0.00,4.0,2020.0
764,9,104,92.0,77,55,41.8,32,44,20.4,9,20,10.6,0,27.8,27.7,27.7,0.00,4.0,2020.0
765,10,102,92.3,86,52,40.5,32,27,17.7,9,17,8.7,2,27.8,27.7,27.6,0.00,4.0,2020.0
766,11,93,84.1,77,48,39.2,32,32,21.1,13,16,7.7,0,27.8,27.8,27.7,0.00,4.0,2020.0
767,12,84,76.9,72,52,43.2,36,41,30.1,25,13,8.2,2,27.9,27.8,27.8,0.00,4.0,2020.0
768,13,77,72.3,64,54,44.9,36,68,39.2,27,16,10.9,3,27.9,27.9,27.8,0.00,4.0,2020.0
769,14,84,72.2,57,54,40.2,30,72,36.9,15,20,9.4,0,27.9,27.9,27.8,0.00,4.0,2020.0
770,15,82,73.2,63,59,42.0,30,68,34.9,21,13,7.0,0,27.9,27.9,27.8,0.00,4.0,2020.0
771,4,2020,,,,,,,,,,,,,,,,,
772,17,90,79.0,66,59,51.0,46,56,39.1,24,20,8.0,2,27.9,27.8,27.7,0.00,4.0,2020.0
773,18,93,77.8,66,61,53.4,36,83,47.7,14,22,10.3,2,27.8,27.8,27.7,0.00,4.0,2020.0
774,19,90,78.8,68,59,52.6,46,68,42.4,26,12,7.9,3,27.9,27.8,27.7,0.00,4.0,2020.0
775,20,82,76.9,63,61,57.0,54,88,51.1,42,25,6.8,2,28.0,27.8,27.8,0.00,4.0,2020.0
776,4,2020,,,,,,,,,,,,,,,,,
777,22,91,77.9,64,64,56.4,39,88,53.6,16,13,5.7,0,27.9,27.8,27.8,0.00,4.0,2020.0
778,23,99,84.8,72,64,52.8,39,73,39.5,13,12,5.5,0,27.8,27.8,27.7,0.00,4.0,2020.0
779,24,100,87.6,72,57,50.5,41,60,31.8,14,15,5.0,0,27.8,27.8,27.7,0.00,4.0,2020.0
780,25,102,91.2,77,64,47.9,39,48,25.1,12,18,9.1,0,27.8,27.7,27.6,0.00,4.0,2020.0
781,4,2020,,,,,,,,,,,,,,,,,
782,27,90,81.1,72,46,38.2,34,29,21.8,18,14,8.9,3,27.9,27.8,27.8,0.00,4.0,2020.0
783,28,95,83.3,70,46,41.3,36,43,24.2,14,10,7.0,0,27.9,27.8,27.7,0.00,4.0,2020.0
784,1,97,85.5,73,59,48.2,39,61,29.9,17,12,7.8,5,27.9,27.8,27.7,0.00,5.0,2020.0
785,2,100,88.7,77,55,42.5,28,47,22.9,11,16,10.3,5,27.8,27.7,27.7,0.00,5.0,2020.0
786,3,97,85.8,75,41,33.3,28,24,16.3,9,13,7.6,2,27.9,27.8,27.8,0.00,5.0,2020.0
787,4,99,86.5,70,48,38.4,30,38,20.2,10,10,5.4,0,27.9,27.9,27.8,0.00,5.0,2020.0
788,5,102,92.0,79,64,40.6,30,61,18.0,10,25,10.4,5,27.9,27.8,27.7,0.00,5.0,2020.0
789,6,100,89.9,81,64,50.6,36,58,28.9,15,21,9.4,0,27.9,27.8,27.7,0.00,5.0,2020.0
790,7,93,84.3,77,41,37.0,30,28,18.8,15,14,10.0,7,27.9,27.9,27.8,0.00,5.0,2020.0
791,8,91,83.5,73,48,39.5,34,36,22.2,14,12,6.5,0,27.9,27.9,27.8,0.00,5.0,2020.0
792,9,104,91.4,77,54,42.5,34,32,18.9,12,24,8.9,2,27.8,27.8,27.7,0.00,5.0,2020.0
793,10,102,91.0,82,54,48.5,43,32,23.7,16,22,10.3,3,27.9,27.8,27.8,0.00,5.0,2020.0
794,11,93,86.9,81,52,46.4,41,37,24.8,17,76,10.4,5,27.9,27.9,27.8,0.00,5.0,2020.0
795,12,99,87.2,75,54,44.2,36,44,24.6,13,9,4.5,0,27.9,27.9,27.8,0.00,5.0,2020.0
796,13,99,86.7,75,45,35.3,27,29,17.5,9,14,7.9,2,27.9,27.9,27.8,0.00,5.0,2020.0
797,14,100,86.7,72,45,35.5,30,30,17.3,9,14,7.5,0,27.9,27.8,27.8,0.00,5.0,2020.0
798,15,99,87.5,73,45,38.0,32,29,18.6,10,14,5.8,0,27.8,27.8,27.8,0.00,5.0,2020.0
799,16,104,89.7,73,52,43.5,34,36,21.8,10,9,3.3,0,27.8,27.8,27.8,0.00,5.0,2020.0
800,17,104,91.3,75,50,42.8,37,34,20.3,10,10,3.7,0,27.9,27.8,27.8,0.00,5.0,2020.0
801,5,2020,,,,,,,,,,,,,,,,,
802,19,104,92.5,82,48,42.5,37,28,18.2,11,9,5.9,2,27.8,27.8,27.7,0.00,5.0,2020.0
803,20,104,93.3,81,54,46.5,39,34,20.8,12,9,4.4,0,27.8,27.7,27.6,0.00,5.0,2020.0
804,21,106,93.1,79,50,37.7,28,29,16.1,7,15,6.3,0,27.8,27.7,27.7,0.00,5.0,2020.0
805,22,104,90.7,72,45,33.9,25,27,14.7,6,13,5.8,0,27.8,27.8,27.7,0.00,5.0,2020.0
806,23,104,91.2,75,50,40.5,30,27,18.0,9,14,4.0,0,27.8,27.8,27.7,0.00,5.0,2020.0
807,5,2020,,,,,,,,,,,,,,,,,
808,25,106,94.8,81,48,38.6,32,21,14.6,10,12,6.7,2,27.8,27.8,27.7,0.00,5.0,2020.0
809,26,100,89.6,79,63,45.2,39,48,23.3,12,13,7.0,2,27.9,27.9,27.8,0.00,5.0,2020.0
810,27,104,91.0,75,48,41.3,36,29,18.9,10,9,5.3,0,27.9,27.8,27.8,0.00,5.0,2020.0
811,28,111,94.3,77,48,39.5,30,29,16.3,6,12,5.5,2,27.8,27.8,27.7,0.00,5.0,2020.0
812,1,109,95.3,79,50,43.4,30,32,18.2,10,8,3.8,0,27.8,27.7,27.7,0.00,6.0,2020.0
813,6,2020,,,,,,,,,,,,,,,,,
814,3,109,99.1,82,55,46.9,39,32,17.8,11,9,5.2,0,27.7,27.7,27.6,0.00,6.0,2020.0
815,4,109,97.8,82,52,42.7,36,26,15.5,11,15,7.0,0,27.8,27.7,27.7,0.00,6.0,2020.0
816,5,111,98.3,84,46,38.5,32,23,13.3,7,12,7.9,3,27.8,27.8,27.7,0.00,6.0,2020.0
817,6,109,98.0,84,45,37.6,32,22,13.0,8,15,9.7,3,27.8,27.7,27.7,0.00,6.0,2020.0
818,7,109,96.1,82,50,42.2,37,26,16.5,10,12,5.3,0,27.8,27.7,27.7,0.00,6.0,2020.0
819,8,109,97.2,81,55,47.4,37,28,19.1,11,8,3.3,0,27.7,27.7,27.6,0.00,6.0,2020.0
820,9,109,99.4,86,52,42.3,36,23,14.8,9,15,6.8,3,27.7,27.7,27.6,0.00,6.0,2020.0
821,10,111,98.5,84,54,45.2,34,26,17.0,7,9,3.3,0,27.7,27.7,27.6,0.00,6.0,2020.0
822,11,111,98.9,82,50,43.2,34,27,16.0,9,8,4.5,0,27.7,27.6,27.6,0.00,6.0,2020.0
823,12,113,98.4,82,50,40.7,34,26,14.4,8,7,4.7,0,27.7,27.6,27.6,0.00,6.0,2020.0
824,13,109,96.3,81,52,41.6,36,28,16.1,10,10,5.6,2,27.7,27.7,27.6,0.00,6.0,2020.0
825,14,106,94.4,81,48,41.9,37,30,17.4,11,12,5.6,0,27.8,27.7,27.7,0.00,6.0,2020.0
826,15,109,96.6,79,52,46.1,39,36,19.0,11,7,2.8,0,27.8,27.7,27.6,0.00,6.0,2020.0
827,16,115,100.3,81,52,41.4,34,28,14.9,7,9,4.8,0,27.7,27.6,27.6,0.00,6.0,2020.0
828,17,113,100.3,84,48,39.3,34,23,13.0,8,16,7.3,0,27.6,27.6,27.6,0.00,6.0,2020.0
829,18,109,96.7,81,45,34.7,27,24,12.5,7,18,9.8,3,27.7,27.6,27.6,0.00,6.0,2020.0
830,19,108,95.2,81,41,32.5,28,18,11.5,7,15,9.1,3,27.7,27.6,27.6,0.00,6.0,2020.0
831,20,111,94.5,75,50,41.5,28,29,16.6,9,8,4.1,0,27.7,27.6,27.6,0.00,6.0,2020.0
832,21,104,93.0,79,50,43.3,37,34,18.7,13,14,6.3,0,27.7,27.7,27.6,0.00,6.0,2020.0
833,22,102,92.3,79,46,37.0,28,27,15.4,8,18,12.4,3,27.8,27.7,27.6,0.00,6.0,2020.0
834,23,106,94.8,79,39,33.2,23,24,12.7,6,23,13.2,6,27.7,27.7,27.6,0.00,6.0,2020.0
835,24,104,92.7,81,43,29.7,19,19,10.9,7,17,10.1,2,27.7,27.7,27.6,0.00,6.0,2020.0
836,6,2020,,,,,,,,,,,,,,,,,
837,26,108,95.5,81,39,34.2,32,21,12.3,7,16,9.3,5,27.7,27.6,27.6,0.00,6.0,2020.0
838,27,111,96.9,82,46,32.7,27,22,11.7,6,17,9.1,2,27.7,27.6,27.6,0.00,6.0,2020.0
839,28,113,97.3,81,48,40.6,34,25,15.4,7,8,4.3,0,27.7,27.6,27.6,0.00,6.0,2020.0
840,1,113,99.2,82,54,45.7,37,28,17.0,10,9,3.7,0,27.6,27.5,27.5,0.00,7.0,2020.0
841,2,111,100.0,88,48,43.6,37,24,15.3,10,12,6.9,3,27.6,27.5,27.5,0.00,7.0,2020.0
842,3,109,98.4,86,64,49.2,39,45,21.7,9,12,6.1,0,27.6,27.6,27.6,0.00,7.0,2020.0
843,7,2020,,,,,,,,,,,,,,,,,
844,5,115,100.3,84,55,46.3,36,27,17.4,8,12,3.3,0,27.5,27.5,27.4,0.00,7.0,2020.0
845,6,115,100.5,81,54,45.2,36,30,16.8,7,9,3.5,0,27.7,27.5,27.4,0.00,7.0,2020.0
846,7,117,102.3,86,54,43.6,36,25,14.7,8,9,4.3,0,27.5,27.5,27.4,0.00,7.0,2020.0
847,8,113,100.7,86,48,39.9,34,24,13.2,8,16,8.7,0,27.6,27.5,27.5,0.00,7.0,2020.0
848,9,113,99.6,86,43,37.9,34,18,12.3,8,12,7.4,6,27.6,27.6,27.5,0.00,7.0,2020.0
849,10,113,99.8,84,50,40.0,36,26,13.8,8,16,8.8,2,27.6,27.6,27.5,0.00,7.0,2020.0
850,11,113,100.3,86,52,41.0,36,23,13.5,9,17,9.8,0,27.6,27.5,27.4,0.00,7.0,2020.0
851,12,113,100.1,84,50,42.9,39,28,15.3,8,15,8.7,0,27.5,27.5,27.4,0.00,7.0,2020.0
852,13,109,101.0,90,50,43.2,39,26,14.4,9,15,7.1,0,27.5,27.5,27.4,0.00,7.0,2020.0
853,14,111,101.3,93,55,46.5,39,23,15.8,11,9,4.7,0,27.6,27.6,27.5,0.00,7.0,2020.0
854,15,115,102.5,88,57,50.4,45,29,17.7,12,7,4.0,2,27.6,27.6,27.5,0.00,7.0,2020.0
855,16,109,101.3,90,57,44.8,37,31,15.5,9,16,7.5,0,27.6,27.5,27.5,0.00,7.0,2020.0
856,17,111,100.0,86,55,40.3,32,23,13.7,7,15,7.5,0,27.6,27.5,27.5,0.00,7.0,2020.0
857,18,111,99.3,88,50,36.3,27,22,12.3,6,20,9.5,2,27.6,27.5,27.5,0.00,7.0,2020.0
858,19,109,98.5,82,55,46.7,37,27,18.0,11,14,4.8,0,27.6,27.6,27.5,0.00,7.0,2020.0
859,20,113,101.9,88,59,45.9,39,31,16.7,8,17,7.6,0,27.6,27.6,27.5,0.00,7.0,2020.0
860,21,111,103.6,95,39,34.4,30,13,9.4,6,24,14.3,8,27.6,27.5,27.5,0.00,7.0,2020.0
861,22,111,101.5,88,59,42.3,34,28,13.8,9,16,7.8,3,27.5,27.5,27.4,0.00,7.0,2020.0
862,23,111,98.2,88,68,60.6,52,52,30.4,15,22,9.2,2,27.6,27.5,27.5,0.00,7.0,2020.0
863,24,109,99.8,91,64,56.3,48,41,24.6,14,10,5.8,2,27.6,27.6,27.5,0.00,7.0,2020.0
864,25,108,99.5,90,63,58.0,52,40,26.0,16,9,6.6,3,27.6,27.6,27.6,0.00,7.0,2020.0
865,26,108,98.6,91,64,58.3,54,38,27.0,18,9,6.3,2,27.7,27.6,27.6,0.00,7.0,2020.0
866,27,113,100.2,88,63,55.7,48,38,24.0,13,10,4.0,0,27.7,27.6,27.6,0.00,7.0,2020.0
867,28,115,101.7,86,59,52.0,46,31,20.0,12,16,4.8,0,27.6,27.6,27.5,0.00,7.0,2020.0
868,1,115,104.5,90,59,50.5,43,28,17.7,9,12,4.5,0,27.5,27.5,27.4,0.00,8.0,2020.0
869,2,115,105.2,95,57,50.7,45,27,17.1,12,10,4.8,0,27.6,27.5,27.5,0.00,8.0,2020.0
870,3,115,102.0,88,54,43.6,39,22,14.3,8,23,9.9,3,27.6,27.6,27.5,0.00,8.0,2020.0
871,4,113,99.9,84,50,39.5,34,29,13.7,8,17,9.2,0,27.6,27.5,27.4,0.00,8.0,2020.0
872,5,109,98.9,84,41,37.5,34,19,12.4,8,18,12.4,5,27.6,27.5,27.5,0.00,8.0,2020.0
873,6,108,97.1,84,39,35.2,32,20,12.0,7,21,13.6,8,27.6,27.6,27.5,0.00,8.0,2020.0
874,7,109,97.8,86,45,36.9,25,18,12.5,7,21,11.8,6,27.6,27.6,27.5,0.00,8.0,2020.0
875,8,109,98.1,84,45,40.3,36,22,14.3,8,14,8.7,5,27.5,27.5,27.5,0.00,8.0,2020.0
876,9,109,97.3,81,50,40.6,36,30,15.3,8,13,6.6,0,27.6,27.6,27.5,0.00,8.0,2020.0
877,10,108,96.0,82,45,36.1,30,22,13.0,7,21,11.1,0,27.6,27.6,27.6,0.00,8.0,2020.0
878,11,106,94.6,82,37,34.4,30,18,12.4,8,22,13.2,7,27.7,27.6,27.6,0.00,8.0,2020.0
879,12,106,94.1,81,45,39.1,36,23,15.3,10,13,8.5,5,27.7,27.6,27.6,0.00,8.0,2020.0
880,13,108,94.8,79,46,39.2,32,26,15.1,8,16,8.5,3,27.6,27.6,27.5,0.00,8.0,2020.0
881,14,109,96.4,82,46,40.4,36,26,15.1,10,18,9.1,3,27.6,27.5,27.5,0.00,8.0,2020.0
882,15,109,96.8,81,45,40.9,39,26,15.1,10,15,8.4,2,27.6,27.5,27.5,0.00,8.0,2020.0
883,16,109,96.7,79,50,44.3,39,34,17.5,9,14,6.1,0,27.6,27.6,27.5,0.00,8.0,2020.0
884,17,109,97.0,82,48,40.0,37,26,14.7,9,16,8.6,3,27.6,27.6,27.5,0.00,8.0,2020.0
885,18,109,95.0,81,41,35.7,32,19,13.1,7,18,9.8,3,27.6,27.6,27.5,0.00,8.0,2020.0
886,19,108,93.0,75,41,34.8,28,29,14.2,7,14,7.4,0,27.6,27.6,27.5,0.00,8.0,2020.0
887,20,108,93.9,77,41,35.7,28,28,14.3,7,16,7.1,0,27.6,27.6,27.6,0.00,8.0,2020.0
888,21,111,96.6,79,50,41.8,37,28,16.7,8,14,5.8,0,27.6,27.6,27.6,0.00,8.0,2020.0
889,22,111,98.7,81,52,44.4,37,28,16.7,9,9,4.3,0,27.6,27.6,27.5,0.00,8.0,2020.0
890,23,115,101.6,82,54,43.1,37,28,14.7,8,10,6.0,0,27.6,27.5,27.5,0.00,8.0,2020.0
891,24,115,100.3,82,57,44.1,37,26,15.5,8,15,9.0,2,27.6,27.5,27.5,0.00,8.0,2020.0
892,25,108,97.9,86,54,47.8,41,31,19.1,13,10,5.2,0,27.7,27.6,27.6,0.00,8.0,2020.0
893,26,106,96.3,84,52,47.2,41,31,19.7,13,8,4.8,0,27.7,27.6,27.6,0.00,8.0,2020.0
894,27,106,95.4,79,54,45.5,37,34,19.3,11,12,4.1,0,27.7,27.6,27.6,0.00,8.0,2020.0
895,28,108,94.0,77,52,42.1,34,32,18.3,8,14,5.4,0,27.7,27.6,27.6,0.00,8.0,2020.0
896,1,104,94.3,82,63,53.4,45,45,26.0,14,17,5.8,0,27.7,27.7,27.6,0.00,9.0,2020.0
897,2,104,95.7,86,57,49.5,41,37,21.7,14,9,6.0,2,27.8,27.8,27.7,0.00,9.0,2020.0
898,3,106,94.3,82,55,48.0,39,35,21.7,11,7,3.5,0,27.8,27.8,27.8,0.00,9.0,2020.0
899,4,108,95.4,81,50,43.2,37,28,17.6,9,12,5.3,0,27.8,27.7,27.7,0.00,9.0,2020.0
900,5,109,95.5,81,48,41.9,34,28,17.0,8,14,5.0,0,27.7,27.7,27.6,0.00,9.0,2020.0
901,6,106,95.3,81,52,44.3,37,32,18.3,10,8,5.1,0,27.7,27.7,27.6,0.00,9.0,2020.0
902,7,104,93.6,82,46,41.6,32,27,17.3,9,12,5.7,0,27.8,27.7,27.7,0.00,9.0,2020.0
903,8,104,92.3,77,52,45.6,39,30,20.6,12,8,3.6,0,27.8,27.8,27.7,0.00,9.0,2020.0
904,9,109,94.0,79,52,45.5,39,32,19.9,10,6,2.9,0,27.8,27.7,27.7,0.00,9.0,2020.0
905,10,109,94.8,79,50,43.1,34,28,17.5,10,7,3.9,0,27.7,27.7,27.6,0.00,9.0,2020.0
906,11,109,95.8,84,54,41.5,34,23,16.1,9,10,4.4,0,27.7,27.7,27.6,0.00,9.0,2020.0
907,12,106,94.2,81,48,36.5,28,24,14.2,7,17,8.9,3,27.8,27.7,27.7,0.00,9.0,2020.0
908,13,106,93.4,77,52,45.5,36,32,19.9,11,8,3.5,0,27.8,27.8,27.7,0.00,9.0,2020.0
909,14,108,93.8,79,50,44.0,36,28,18.8,10,7,3.3,0,27.8,27.7,27.7,0.00,9.0,2020.0
910,15,108,95.3,82,50,39.0,32,27,15.1,8,12,5.7,0,27.8,27.7,27.6,0.00,9.0,2020.0
911,16,108,93.5,81,52,40.8,30,25,16.8,9,10,4.8,0,27.8,27.7,27.7,0.00,9.0,2020.0
912,17,106,92.6,75,54,43.1,34,30,18.8,11,7,2.8,0,27.8,27.8,27.7,0.00,9.0,2020.0
913,18,106,92.5,79,52,45.2,37,30,20.6,10,10,2.9,0,27.8,27.8,27.7,0.00,9.0,2020.0
914,19,104,91.3,77,52,41.5,28,30,19.1,7,14,5.0,0,27.8,27.7,27.7,0.00,9.0,2020.0
915,20,104,91.1,75,46,37.9,32,27,16.8,8,14,6.3,0,27.8,27.7,27.7,0.00,9.0,2020.0
916,21,104,93.3,79,45,33.5,25,24,13.5,7,25,12.1,0,27.8,27.7,27.6,0.00,9.0,2020.0
917,22,104,90.2,75,64,46.1,32,69,27.2,8,14,7.2,2,27.8,27.7,27.7,0.00,9.0,2020.0
918,23,104,90.8,77,43,36.6,34,23,15.6,9,13,6.6,0,27.8,27.7,27.7,0.00,9.0,2020.0
919,24,104,90.8,75,43,36.9,30,26,15.7,10,9,6.0,0,27.8,27.7,27.7,0.00,9.0,2020.0
920,25,102,91.1,77,52,44.3,37,37,21.6,11,12,5.3,0,27.8,27.8,27.8,0.00,9.0,2020.0
921,26,106,90.9,72,52,44.5,36,35,21.4,10,9,2.7,0,27.8,27.7,27.7,0.00,9.0,2020.0
922,27,106,91.1,75,50,43.3,34,36,21.0,9,12,3.0,0,27.8,27.8,27.7,0.00,9.0,2020.0
923,28,102,89.4,79,46,42.9,36,28,20.1,14,12,6.8,0,27.9,27.8,27.8,0.00,9.0,2020.0
924,1,102,87.6,70,48,42.8,37,31,21.9,11,6,2.5,0,27.8,27.8,27.7,0.00,10.0,2020.0
925,2,102,88.3,72,50,39.2,34,29,18.9,10,10,4.5,0,27.9,27.8,27.8,0.00,10.0,2020.0
926,3,99,85.5,72,46,40.5,32,27,20.9,12,12,6.1,0,27.9,27.8,27.8,0.00,10.0,2020.0
927,4,102,86.3,72,52,46.7,37,41,26.1,15,6,2.3,0,27.9,27.8,27.8,0.00,10.0,2020.0
928,5,104,87.5,70,52,44.9,37,38,24.0,13,7,2.8,0,27.9,27.8,27.8,0.00,10.0,2020.0
929,6,102,88.3,73,48,42.4,36,33,20.8,12,6,3.4,0,27.9,27.8,27.8,0.00,10.0,2020.0
930,7,99,86.6,75,46,40.6,36,34,20.5,14,10,6.0,0,27.9,27.9,27.8,0.00,10.0,2020.0
931,8,97,84.5,70,46,40.1,34,36,22.1,11,9,4.1,0,28.0,27.9,27.9,0.00,10.0,2020.0
932,9,95,82.3,66,45,38.6,32,37,22.7,11,9,2.9,0,28.0,27.9,27.9,0.00,10.0,2020.0
933,10,93,80.4,68,41,33.5,27,29,19.0,13,10,6.6,0,27.9,27.9,27.9,0.00,10.0,2020.0
934,11,91,77.5,63,43,35.7,28,34,22.7,14,7,4.4,0,27.9,27.9,27.9,0.00,10.0,2020.0
935,12,91,77.3,63,41,32.7,27,35,21.0,12,10,5.1,0,27.9,27.9,27.8,0.00,10.0,2020.0
936,13,91,78.4,64,39,32.7,27,32,19.8,13,10,6.0,3,27.9,27.9,27.8,0.00,10.0,2020.0
937,14,91,77.5,61,41,31.9,23,30,19.9,10,7,4.5,0,27.9,27.9,27.8,0.00,10.0,2020.0
938,15,95,78.6,61,41,33.3,28,37,21.2,9,14,4.3,0,27.9,27.9,27.8,0.00,10.0,2020.0
939,10,2020,,,,,,,,,,,,,,,,,
940,10,2020,,,,,,,,,,,,,,,,,
941,10,2020,,,,,,,,,,,,,,,,,
942,19,90,76.0,61,36,31.2,25,31,20.5,12,13,5.9,0,28.0,27.9,27.9,0.00,10.0,2020.0
943,20,90,75.7,59,39,31.7,25,39,21.8,10,15,6.6,2,28.0,27.9,27.9,0.00,10.0,2020.0
944,21,90,76.0,61,36,32.4,28,37,22.0,11,10,5.5,0,28.0,27.9,27.9,0.00,10.0,2020.0
945,22,90,75.4,59,39,32.4,25,36,21.9,13,14,7.6,3,28.0,27.9,27.9,0.00,10.0,2020.0
946,23,91,76.8,64,36,30.3,27,28,19.5,10,15,8.8,2,28.0,27.9,27.9,0.00,10.0,2020.0
947,24,88,72.7,55,41,32.5,23,41,24.3,13,7,2.7,0,27.9,27.9,27.9,0.00,10.0,2020.0
948,25,86,72.8,57,45,38.3,32,39,29.7,17,12,2.8,0,28.0,27.9,27.9,0.00,10.0,2020.0
949,26,90,74.2,57,46,40.4,36,51,31.8,16,6,1.8,0,28.0,27.9,27.9,0.00,10.0,2020.0
950,27,90,74.0,61,48,41.6,36,42,32.2,18,6,1.4,0,28.0,27.9,27.9,0.00,10.0,2020.0
951,28,88,73.9,59,45,36.3,32,42,27.2,14,7,2.3,0,28.0,28.0,27.9,0.00,10.0,2020.0
952,1,86,74.0,59,46,41.4,37,52,32.9,19,9,3.4,0,28.1,28.0,28.0,0.00,11.0,2020.0
953,2,88,73.7,57,48,41.4,37,48,33.4,18,9,2.4,0,28.1,28.0,28.0,0.00,11.0,2020.0
954,3,88,74.3,59,48,41.5,37,48,32.5,19,8,2.2,0,28.1,28.0,28.0,0.00,11.0,2020.0
955,4,90,73.5,57,46,40.8,36,45,31.8,20,5,1.6,0,28.0,27.9,27.9,0.00,11.0,2020.0
956,5,90,73.3,59,46,38.5,32,45,30.3,15,7,1.8,0,27.9,27.9,27.8,0.00,11.0,2020.0
957,6,88,73.8,57,43,37.0,32,48,28.5,15,12,4.3,0,27.9,27.9,27.8,0.00,11.0,2020.0
958,7,88,75.1,63,43,38.4,34,39,27.5,18,14,6.3,2,28.0,27.9,27.9,0.00,11.0,2020.0
959,8,70,65.7,64,41,40.0,39,42,39.0,35,3,2.2,0,27.9,27.9,27.9,0.00,11.0,2020.0
960,9,81,77.4,73,52,51.2,50,44,39.8,36,5,4.6,3,28.0,28.0,28.0,0.00,11.0,2020.0
961,10,88,77.9,66,55,51.0,45,64,40.6,22,9,5.1,0,28.0,27.9,27.9,0.00,11.0,2020.0
962,11,93,79.1,68,54,49.9,43,60,38.0,17,13,4.1,0,28.0,27.9,27.9,0.00,11.0,2020.0
963,12,90,78.6,68,46,43.8,41,46,30.3,18,12,5.5,2,28.0,27.9,27.9,0.00,11.0,2020.0
964,13,88,73.5,63,59,50.6,39,64,45.6,25,17,7.5,0,28.0,28.0,27.9,0.00,11.0,2020.0
965,14,77,68.6,63,54,46.0,39,72,47.1,26,10,5.5,2,28.1,28.0,27.9,0.00,11.0,2020.0
966,15,81,69.4,57,50,41.5,34,55,38.0,24,13,4.4,0,28.0,27.9,27.9,0.00,11.0,2020.0
967,16,86,75.3,64,50,47.4,45,59,38.9,23,16,7.8,0,28.0,27.9,27.9,0.00,11.0,2020.0
968,17,86,73.4,64,54,47.4,43,59,41.3,23,8,5.5,0,28.0,28.0,27.9,0.00,11.0,2020.0
969,18,79,70.7,64,63,54.8,46,88,59.0,39,8,6.2,3,28.1,28.0,28.0,0.00,11.0,2020.0
970,19,82,70.5,59,54,46.9,43,63,44.7,25,12,5.3,0,28.0,28.0,27.9,0.00,11.0,2020.0
971,20,82,72.9,64,48,46.5,43,56,40.4,28,15,9.5,3,28.0,27.9,27.9,0.00,11.0,2020.0
972,21,86,75.2,66,46,41.5,37,43,31.0,18,17,8.8,3,28.0,27.9,27.9,0.00,11.0,2020.0
973,22,79,69.4,63,48,43.7,39,52,40.3,28,12,8.0,3,28.1,28.0,27.9,0.00,11.0,2020.0
974,23,79,66.3,55,45,40.0,36,55,39.5,24,9,5.0,0,28.1,28.0,28.0,0.00,11.0,2020.0
975,24,77,64.5,54,43,40.6,37,58,42.9,28,7,4.2,0,28.1,28.0,27.9,0.00,11.0,2020.0
976,25,79,65.1,52,41,39.4,36,62,41.3,26,8,4.0,0,28.0,27.9,27.9,0.00,11.0,2020.0
977,26,81,69.5,57,41,36.0,34,44,30.0,20,10,6.8,3,28.0,27.9,27.8,0.00,11.0,2020.0
978,27,75,69.9,66,54,43.7,34,60,39.6,27,14,8.7,5,28.0,28.0,27.9,0.00,11.0,2020.0
979,28,77,67.3,61,63,57.1,52,94,71.9,41,15,6.3,0,28.0,28.0,27.9,0.00,11.0,2020.0
980,1,66,61.9,57,61,58.5,55,94,88.9,78,9,4.7,2,28.0,28.0,27.9,0.00,12.0,2020.0
981,2,73,66.5,63,61,60.1,57,94,80.9,57,12,6.6,2,28.0,28.0,27.9,0.00,12.0,2020.0
982,3,81,71.3,61,59,56.5,54,88,62.0,39,13,5.7,2,28.0,28.0,27.9,0.00,12.0,2020.0
983,4,81,73.2,63,57,56.3,55,77,56.6,45,10,6.7,2,28.0,27.9,27.9,0.00,12.0,2020.0
984,5,81,70.8,63,61,57.3,52,88,65.2,42,15,8.8,3,28.0,27.9,27.8,0.00,12.0,2020.0
985,6,75,68.8,57,55,42.6,37,67,40.1,25,16,11.0,0,28.0,27.9,27.8,0.00,12.0,2020.0
986,7,70,59.3,50,48,44.0,39,87,59.8,33,9,6.6,3,28.1,28.1,28.0,0.00,12.0,2020.0
987,8,72,59.1,48,46,42.4,39,76,56.1,31,7,2.7,0,28.2,28.1,28.1,0.00,12.0,2020.0
988,9,77,62.2,48,46,40.8,36,71,48.5,26,8,2.4,0,28.1,28.0,28.0,0.00,12.0,2020.0
989,10,73,61.5,54,48,41.5,37,72,50.1,29,14,6.6,0,28.1,28.0,28.0,0.00,12.0,2020.0
990,11,70,58.4,48,48,42.5,37,76,57.5,37,6,3.2,0,28.1,28.1,28.0,0.00,12.0,2020.0
991,12,72,59.1,48,43,39.4,37,66,50.2,31,6,2.8,0,28.1,28.1,28.0,0.00,12.0,2020.0
992,13,73,59.1,46,43,40.0,37,71,51.4,33,7,1.8,0,28.1,28.1,28.0,0.00,12.0,2020.0
993,14,75,59.7,45,46,39.3,36,71,49.6,29,6,2.4,0,28.1,28.0,28.0,0.00,12.0,2020.0
994,15,73,61.6,48,39,35.0,32,66,40.0,22,13,6.5,2,28.1,28.0,27.9,0.00,12.0,2020.0
995,16,77,64.1,54,37,32.4,30,44,31.8,19,10,6.9,3,28.0,28.0,27.9,0.00,12.0,2020.0
996,17,79,66.4,54,45,39.0,36,54,38.1,23,9,5.0,0,28.0,28.0,27.9,0.00,12.0,2020.0
997,18,70,61.7,54,50,46.8,39,82,59.5,43,7,5.7,3,28.1,28.0,27.9,0.00,12.0,2020.0
998,19,66,59.8,54,50,47.4,43,88,65.3,49,10,5.9,2,28.1,28.1,28.0,0.00,12.0,2020.0
999,20,66,59.1,54,52,46.6,45,82,64.2,49,8,4.0,0,28.2,28.1,28.1,0.00,12.0,2020.0
1000,21,68,59.0,50,48,44.7,39,82,61.4,40,7,3.0,0,28.2,28.1,28.1,0.00,12.0,2020.0
1001,22,72,59.5,48,46,41.4,37,71,52.5,37,5,2.3,0,28.2,28.1,28.0,0.00,12.0,2020.0
1002,23,75,62.9,50,46,40.7,37,66,45.7,31,7,4.0,0,28.1,28.0,27.9,0.00,12.0,2020.0
1003,24,73,62.1,52,45,39.8,37,62,45.1,31,12,5.3,0,28.0,27.9,27.9,0.00,12.0,2020.0
1004,25,66,57.8,48,41,38.3,36,66,50.1,32,12,6.1,2,28.1,28.1,28.0,0.00,12.0,2020.0
1005,26,61,52.7,46,39,22.4,10,66,33.8,14,8,5.2,2,28.2,28.1,28.1,0.00,12.0,2020.0
1006,27,63,52.2,41,39,25.8,16,66,39.0,16,7,3.3,0,28.2,28.1,28.1,0.00,12.0,2020.0
1007,28,66,54.7,45,50,42.8,36,77,64.9,45,7,2.9,0,28.2,28.1,28.0,0.00,12.0,2020.0
