,Time,Avg_Temperature,Avg_Dew_Point,Avg_Humidity,Avg_Wind_Speed,Avg_Pressure
0,2018-01-01,62.9,24.5,28.2,4.0,27.9
1,2018-01-02,59.6,30.0,33.5,8.8,27.9
2,2018-01-03,55.5,29.3,38.4,5.3,28.0
3,2018-01-04,56.0,26.8,34.7,3.5,28.0
4,2018-01-05,62.1,30.6,31.1,4.4,27.9
5,2018-01-06,61.1,31.1,34.3,4.5,27.9
6,2018-01-07,58.8,32.8,38.5,8.0,28.0
7,2018-01-08,54.8,32.8,46.1,11.2,28.1
8,2018-01-09,53.6,21.4,29.9,9.2,28.1
9,2018-01-10,51.0,16.7,27.2,3.2,28.1
10,2018-01-11,52.5,13.0,22.2,1.9,28.1
11,2018-01-12,55.2,15.3,23.5,2.0,28.1
12,2018-01-13,55.3,12.0,20.2,1.3,28.0
13,2018-01-14,57.0,9.4,17.0,3.8,28.0
14,2018-01-15,58.4,14.8,19.1,5.5,28.0
15,2018-01-16,57.3,27.6,32.6,6.9,28.1
16,2018-01-17,55.2,27.7,36.2,2.8,28.0
17,2018-01-18,61.1,26.5,29.0,4.4,27.9
18,2018-01-19,63.0,24.5,24.3,8.8,27.9
19,2018-01-20,58.2,24.1,27.4,9.8,28.0
20,2018-01-21,52.8,25.8,36.3,7.4,28.1
21,2018-01-22,53.2,23.0,34.4,2.8,28.0
22,2018-01-23,62.6,25.3,25.5,3.8,27.9
23,2018-01-24,64.4,26.7,25.1,2.9,27.9
24,2018-01-25,65.9,20.1,18.3,6.5,27.9
25,2018-01-26,66.8,28.7,25.3,3.4,27.9
26,2018-01-27,63.5,26.7,25.6,8.4,27.9
27,2018-01-28,55.9,28.1,36.1,10.3,28.0
28,2018-02-01,53.8,18.3,25.8,2.3,28.1
29,2018-02-02,55.1,19.4,26.1,5.3,28.1
30,2018-02-03,53.6,17.9,27.0,7.2,28.1
31,2018-02-04,54.9,13.5,21.3,4.9,28.1
32,2018-02-05,58.6,11.6,17.1,1.3,28.1
33,2018-02-06,62.0,10.4,14.2,1.2,28.1
34,2018-02-07,65.8,13.3,14.2,1.9,28.0
35,2018-02-08,64.4,10.1,13.3,2.6,27.9
36,2018-02-09,63.0,15.2,16.3,2.6,27.9
37,2018-02-10,65.7,16.0,15.8,1.5,27.9
38,2018-02-11,72.5,21.3,15.5,2.5,27.9
39,2018-02-12,76.4,21.7,14.4,6.7,27.9
41,2018-02-14,68.8,34.2,29.6,10.8,28.0
42,2018-02-15,67.3,36.4,33.2,4.9,28.1
43,2018-02-16,71.3,43.9,40.8,8.8,28.0
44,2018-02-17,75.1,35.3,24.0,9.3,27.9
45,2018-02-18,72.0,34.5,26.4,9.9,27.8
46,2018-02-19,63.4,22.7,22.5,5.3,27.9
47,2018-02-20,62.4,27.8,27.9,3.2,27.9
48,2018-02-21,68.3,30.2,24.7,7.2,27.8
49,2018-02-22,71.8,37.8,30.3,7.0,27.8
50,2018-02-23,69.7,37.5,31.5,2.4,27.8
51,2018-02-24,65.5,51.0,62.8,10.1,27.8
52,2018-02-25,65.4,51.7,64.1,5.4,27.8
53,2018-02-26,65.5,53.3,66.2,6.9,27.9
54,2018-02-27,72.4,52.3,50.6,9.1,27.8
55,2018-02-28,67.1,50.7,55.4,6.0,27.8
56,2018-03-01,65.8,53.9,68.7,9.7,27.8
57,2018-03-02,64.7,48.0,59.0,6.0,27.9
58,2018-03-03,66.7,43.3,44.1,3.4,28.0
59,2018-03-04,70.5,41.9,40.3,3.9,27.9
60,2018-03-05,73.0,38.8,30.9,6.2,27.9
61,2018-03-06,76.6,36.2,25.5,4.5,27.9
62,2018-03-07,77.7,27.5,18.3,5.3,27.9
63,2018-03-08,77.4,24.4,15.8,3.6,27.9
64,2018-03-09,74.9,29.5,19.8,4.2,27.8
65,2018-03-10,81.6,25.1,14.0,9.6,27.8
66,2018-03-11,75.2,35.1,25.2,8.6,27.8
67,2018-03-12,72.0,33.3,24.5,9.5,27.9
68,2018-03-13,71.9,31.0,23.2,5.7,27.9
69,2018-03-14,74.3,31.4,21.9,5.9,27.9
70,2018-03-15,80.4,29.3,16.3,8.5,27.9
71,2018-03-16,77.1,30.5,18.6,7.6,27.8
72,2018-03-17,76.7,31.6,21.7,7.3,27.8
73,2018-03-18,70.7,29.4,23.5,5.6,27.9
74,2018-03-19,73.1,26.9,18.7,4.4,27.9
75,2018-03-20,81.5,31.6,17.5,7.0,27.9
76,2018-03-21,83.2,30.1,16.1,5.7,27.9
77,2018-03-22,79.2,31.5,19.4,6.5,27.9
78,2018-03-23,77.0,23.2,15.1,3.8,27.9
79,2018-03-24,75.9,12.2,10.2,3.5,27.9
80,2018-03-25,76.2,13.0,9.6,5.4,28.0
81,2018-03-26,77.9,16.4,10.5,4.4,28.0
82,2018-03-27,79.0,22.2,13.8,2.6,28.0
83,2018-03-28,82.0,23.9,13.0,3.4,27.9
84,2018-04-01,73.5,33.2,23.3,6.4,27.9
85,2018-04-02,78.0,35.8,22.7,5.9,27.9
86,2018-04-03,81.3,37.0,21.4,9.1,27.9
87,2018-04-04,81.7,41.2,26.2,11.4,27.8
88,2018-04-05,75.7,50.4,45.9,11.6,27.8
89,2018-04-06,71.1,56.8,62.9,9.2,27.8
90,2018-04-07,77.6,54.1,48.7,7.4,27.8
91,2018-04-08,79.6,51.9,42.5,7.1,27.8
92,2018-04-09,77.9,56.6,51.1,11.1,27.8
93,2018-04-10,79.4,51.2,40.4,12.0,27.8
94,2018-04-11,77.2,51.9,43.7,11.0,27.8
95,2018-04-12,80.9,40.5,27.1,10.8,27.7
96,2018-04-13,81.2,39.1,24.5,7.0,27.8
97,2018-04-14,79.3,33.4,20.5,6.2,27.8
98,2018-04-15,78.8,40.6,25.9,7.7,27.8
99,2018-04-16,81.8,35.7,21.3,8.6,27.7
100,2018-04-17,75.9,49.5,46.2,8.7,27.9
101,2018-04-18,76.9,33.3,22.9,5.3,28.0
102,2018-04-19,78.7,22.5,13.8,4.3,27.9
103,2018-04-20,82.7,26.0,12.9,7.3,27.8
104,2018-04-21,88.9,28.3,11.7,9.7,27.7
105,2018-04-22,82.8,45.4,30.6,6.2,27.7
106,2018-04-23,83.4,48.5,32.8,10.2,27.8
107,2018-04-24,76.3,37.6,25.5,7.4,27.9
108,2018-04-25,72.4,54.5,57.0,4.9,27.9
109,2018-04-26,76.9,56.4,56.0,11.7,27.8
110,2018-04-27,75.3,59.0,61.2,6.8,27.8
111,2018-04-28,81.1,50.9,40.4,7.2,27.8
112,2018-05-01,83.8,41.3,24.1,8.9,27.8
113,2018-05-02,83.2,42.6,25.6,11.9,27.9
114,2018-05-03,88.1,38.4,18.1,7.2,27.8
115,2018-05-04,84.8,43.7,24.2,8.5,27.8
116,2018-05-05,88.3,40.3,19.6,7.5,27.8
117,2018-05-06,90.9,37.5,16.2,5.5,27.8
118,2018-05-07,92.7,37.1,15.4,5.4,27.8
119,2018-05-08,95.8,33.4,12.2,8.6,27.7
120,2018-05-09,88.0,46.3,25.6,11.0,27.7
121,2018-05-10,84.9,35.5,19.9,8.2,27.8
122,2018-05-11,88.8,27.3,12.0,8.3,27.7
123,2018-05-12,97.5,25.6,7.9,13.7,27.6
124,2018-05-13,89.4,28.3,11.7,8.7,27.7
125,2018-05-14,85.7,33.3,15.7,8.5,27.7
126,2018-05-15,84.5,37.5,19.5,8.2,27.8
127,2018-05-16,84.8,37.3,19.2,8.0,27.8
128,2018-05-17,85.8,38.3,19.5,6.2,27.8
129,2018-05-18,85.6,40.0,20.3,5.4,27.8
130,2018-05-19,84.7,46.7,28.0,12.0,27.8
131,2018-05-20,88.7,42.5,22.8,5.1,27.8
132,2018-05-21,90.6,27.0,11.0,6.7,27.8
133,2018-05-22,91.8,26.3,10.1,4.3,27.8
134,2018-05-23,93.8,27.5,9.6,6.1,27.8
135,2018-05-24,92.8,30.1,11.2,6.0,27.7
136,2018-05-25,91.8,28.8,11.2,5.9,27.7
137,2018-05-26,92.4,33.4,12.8,5.2,27.7
138,2018-05-27,92.2,34.5,13.5,7.3,27.8
139,2018-05-28,92.0,31.3,12.3,6.3,27.7
140,2018-06-01,97.8,40.0,14.3,4.7,27.7
141,2018-06-02,99.6,40.7,13.5,5.0,27.6
142,2018-06-03,101.2,40.2,13.3,4.8,27.6
143,2018-06-04,101.4,43.9,15.6,5.9,27.6
144,2018-06-05,100.8,37.2,12.0,5.9,27.6
145,2018-06-06,100.4,33.6,10.5,5.3,27.7
146,2018-06-07,100.1,35.5,11.4,6.1,27.7
147,2018-06-08,96.3,30.8,9.1,9.9,27.7
148,2018-06-09,102.3,32.6,9.4,7.0,27.6
149,2018-06-10,102.3,29.6,8.2,10.8,27.6
150,2018-06-11,96.8,28.8,9.3,9.0,27.6
151,2018-06-12,96.4,24.5,8.2,7.5,27.6
152,2018-06-13,95.5,25.0,8.4,7.2,27.6
153,2018-06-14,93.3,23.2,8.3,7.6,27.6
154,2018-06-15,94.7,25.6,8.8,8.3,27.6
155,2018-06-16,95.5,32.6,11.5,6.7,27.7
156,2018-06-17,95.8,29.5,9.7,15.0,27.7
157,2018-06-18,97.9,32.6,10.5,12.8,27.7
158,2018-06-19,97.0,33.0,10.9,7.2,27.7
159,2018-06-20,97.3,34.2,11.7,8.5,27.7
160,2018-06-21,97.5,33.2,11.1,12.3,27.7
161,2018-06-22,94.2,31.7,11.2,9.0,27.7
162,2018-06-23,93.7,32.5,11.9,9.5,27.7
163,2018-06-24,93.4,31.1,11.5,6.6,27.7
164,2018-06-25,94.3,29.8,10.3,8.1,27.7
165,2018-06-26,97.4,30.9,10.2,12.8,27.6
166,2018-06-27,101.1,30.5,8.9,16.8,27.6
167,2018-06-28,100.4,30.8,9.3,11.0,27.6
168,2018-07-01,96.2,25.8,8.6,9.1,27.6
169,2018-07-02,96.8,31.6,10.4,10.3,27.6
170,2018-07-03,98.8,27.6,8.6,11.4,27.6
171,2018-07-04,100.7,27.4,7.8,11.5,27.5
172,2018-07-05,101.8,30.1,8.5,8.8,27.5
173,2018-07-06,100.0,27.9,8.5,5.5,27.5
174,2018-07-07,98.8,24.1,7.5,4.5,27.6
175,2018-07-08,98.6,31.6,10.0,4.5,27.6
176,2018-07-09,100.6,29.7,8.7,8.7,27.6
177,2018-07-10,100.6,29.2,8.6,14.3,27.6
178,2018-07-11,97.2,24.1,7.0,12.8,27.6
179,2018-07-12,98.4,26.0,7.0,13.5,27.5
180,2018-07-13,101.0,27.7,7.8,12.6,27.5
181,2018-07-14,99.6,33.6,10.4,3.0,27.5
182,2018-07-15,101.4,33.4,9.8,4.6,27.5
183,2018-07-16,99.5,32.1,9.7,9.3,27.5
184,2018-07-17,96.5,31.8,10.5,8.6,27.6
185,2018-07-18,96.0,31.4,10.5,9.4,27.6
186,2018-07-19,95.5,29.7,10.2,6.5,27.6
187,2018-07-20,96.7,32.5,10.7,9.6,27.6
188,2018-07-21,96.5,31.0,10.3,9.3,27.6
189,2018-07-22,96.3,33.0,11.0,5.6,27.6
190,2018-07-23,96.6,33.3,11.2,4.4,27.6
191,2018-07-24,97.0,33.8,11.2,4.5,27.6
192,2018-07-25,96.9,32.9,11.0,5.6,27.6
193,2018-07-26,98.0,32.4,10.3,11.6,27.6
194,2018-07-27,101.2,30.7,8.7,21.7,27.6
195,2018-07-28,100.5,30.3,8.9,16.5,27.6
196,2018-08-01,97.5,34.9,11.5,7.4,27.6
197,2018-08-02,96.3,32.1,11.0,6.8,27.6
198,2018-08-03,95.5,30.7,10.6,4.3,27.6
199,2018-08-04,97.1,32.5,10.6,4.2,27.6
200,2018-08-05,100.3,33.6,10.1,5.2,27.6
201,2018-08-06,99.5,36.6,11.5,7.3,27.6
202,2018-08-07,99.9,34.2,10.8,12.3,27.6
203,2018-08-08,100.2,29.6,8.7,15.3,27.6
204,2018-08-09,97.9,33.6,10.8,11.6,27.6
205,2018-08-10,97.5,35.6,11.9,8.8,27.6
206,2018-08-11,94.6,33.8,12.0,6.0,27.7
207,2018-08-12,96.7,31.3,10.6,8.5,27.6
208,2018-08-13,96.3,31.5,10.4,11.1,27.6
209,2018-08-14,95.4,34.4,12.0,8.2,27.6
210,2018-08-15,95.2,31.6,11.0,6.7,27.6
211,2018-08-16,94.5,28.4,10.0,6.7,27.6
212,2018-08-17,95.4,31.2,10.9,7.4,27.6
213,2018-08-18,96.1,29.3,9.9,6.5,27.6
214,2018-08-19,96.2,26.5,8.8,5.4,27.6
215,2018-08-20,95.4,28.0,9.4,6.8,27.6
216,2018-08-21,95.2,29.7,10.3,11.0,27.6
217,2018-08-22,96.4,30.5,10.2,8.8,27.6
218,2018-08-23,96.3,29.5,9.6,8.0,27.6
219,2018-08-24,96.4,33.9,11.5,4.8,27.7
220,2018-08-25,94.7,33.9,12.2,5.7,27.6
221,2018-08-26,97.8,30.5,9.9,10.6,27.6
222,2018-08-27,90.0,28.0,11.0,2.0,27.6
223,2018-08-28,96.0,32.8,11.0,6.5,27.6
224,2018-09-01,97.3,30.3,9.9,7.0,27.6
225,2018-09-02,96.6,30.5,10.1,8.9,27.7
226,2018-09-03,96.3,30.7,10.4,5.2,27.6
227,2018-09-04,98.3,32.7,10.6,3.4,27.6
228,2018-09-05,100.7,32.6,10.0,8.2,27.6
230,2018-09-07,94.5,36.0,14.2,7.5,27.7
231,2018-09-08,95.1,29.5,10.3,4.7,27.7
232,2018-09-09,95.5,31.4,11.0,3.1,27.7
233,2018-09-10,96.6,37.5,13.6,5.0,27.7
234,2018-09-11,95.3,41.1,18.3,5.4,27.8
235,2018-09-12,93.8,39.5,15.5,4.7,27.8
236,2018-09-13,95.3,30.3,11.5,8.3,27.7
237,2018-09-14,95.8,25.0,8.0,5.5,27.7
238,2018-09-15,95.9,27.2,9.1,4.8,27.7
239,2018-09-16,95.3,30.6,10.2,5.0,27.7
240,2018-09-17,94.3,31.9,11.5,6.8,27.7
241,2018-09-18,94.4,30.4,10.9,6.0,27.7
242,2018-09-19,93.8,33.0,12.3,4.5,27.8
243,2018-09-20,95.5,33.1,12.3,4.4,27.8
244,2018-09-21,93.1,35.9,14.0,4.6,27.8
245,2018-09-22,93.2,35.8,14.1,3.0,27.8
246,2018-09-23,93.1,32.8,12.4,3.7,27.8
247,2018-09-24,94.0,34.3,13.2,3.8,27.8
248,2018-09-25,93.0,36.5,14.7,2.8,27.8
249,2018-09-26,93.5,36.9,15.2,4.1,27.8
250,2018-09-27,91.3,29.1,11.4,3.5,27.8
251,2018-09-28,90.0,25.3,9.9,4.1,27.8
252,2018-10-01,86.5,33.0,15.4,4.9,27.9
253,2018-10-02,87.0,30.3,13.6,6.0,27.9
254,2018-10-03,85.1,32.5,15.7,3.2,27.9
255,2018-10-04,87.3,29.3,13.5,5.3,27.9
256,2018-10-05,87.3,31.0,13.8,4.9,27.9
257,2018-10-06,87.1,29.9,13.6,2.5,27.9
258,2018-10-07,88.1,29.6,12.8,3.3,27.9
259,2018-10-08,86.3,45.3,26.7,5.4,27.9
260,2018-10-09,84.8,30.6,15.6,2.1,27.9
261,2018-10-10,85.8,28.7,13.5,2.5,27.9
262,2018-10-11,87.0,33.4,15.7,3.3,27.9
263,2018-10-12,84.9,42.1,23.9,3.0,27.9
264,2018-10-13,86.6,37.6,19.4,5.7,27.9
265,2018-10-14,83.1,34.1,18.1,4.1,27.9
266,2018-10-15,81.3,32.8,18.2,4.2,27.9
267,2018-10-16,82.7,40.0,24.0,4.0,27.9
268,2018-10-17,83.0,38.1,21.3,2.5,27.9
269,2018-10-18,81.4,44.3,28.4,4.4,27.9
270,2018-10-19,81.0,51.5,37.1,4.0,27.9
271,2018-10-20,79.3,57.7,49.6,4.8,27.9
272,2018-10-21,77.7,56.8,51.0,6.2,27.9
273,2018-10-22,83.0,51.4,36.8,6.5,27.9
274,2018-10-23,81.3,53.2,41.7,3.7,28.0
275,2018-10-24,82.4,51.4,35.4,5.2,27.9
276,2018-10-25,83.8,49.0,31.6,3.7,27.9
277,2018-10-26,84.8,46.0,26.4,4.4,27.9
278,2018-10-27,80.8,51.6,39.0,9.3,27.9
279,2018-10-28,67.3,59.6,77.3,9.0,28.1
280,2018-11-01,70.3,38.1,32.9,4.9,28.0
281,2018-11-02,71.2,35.9,28.4,5.0,28.0
282,2018-11-03,72.6,44.9,37.2,5.8,28.0
283,2018-11-04,72.6,59.8,65.3,6.4,27.9
284,2018-11-05,75.6,51.5,49.2,7.9,27.9
285,2018-11-06,77.2,52.7,46.8,7.4,27.9
286,2018-11-07,71.7,55.2,60.1,6.2,27.9
287,2018-11-08,66.5,60.5,80.5,8.3,27.9
288,2018-11-09,65.6,61.8,86.9,7.1,27.9
289,2018-11-10,68.3,62.8,83.3,5.3,27.9
290,2018-11-11,72.1,64.1,77.2,4.0,27.9
291,2018-11-12,70.5,64.3,81.8,7.3,28.0
292,2018-11-13,68.3,60.0,75.3,7.8,27.9
293,2018-11-14,70.4,59.2,69.8,8.9,27.8
294,2018-11-15,76.9,45.8,44.9,9.4,27.8
295,2018-11-16,72.3,58.3,64.2,6.0,28.0
296,2018-11-17,68.1,53.9,63.3,8.6,28.1
297,2018-11-18,65.0,47.9,58.0,6.3,28.1
298,2018-11-19,65.8,47.2,54.0,4.4,28.0
299,2018-11-20,64.5,48.8,58.8,5.4,28.0
300,2018-11-21,64.8,49.8,60.0,3.9,28.1
301,2018-11-22,68.4,45.5,45.8,7.3,28.0
302,2018-11-23,65.8,52.9,65.6,6.5,27.9
303,2018-11-24,69.7,53.7,60.8,5.3,27.9
304,2018-11-25,67.5,59.6,76.7,7.6,27.9
305,2018-11-26,60.9,51.5,73.1,5.3,28.0
306,2018-11-27,60.3,49.0,69.1,3.7,28.1
307,2018-11-28,61.5,48.3,63.5,3.3,28.1
308,2018-12-01,67.5,44.0,45.5,4.0,28.0
309,2018-12-02,67.3,42.2,44.8,3.3,27.9
310,2018-12-03,64.5,46.2,54.7,3.5,28.0
311,2018-12-04,62.7,50.8,69.1,6.1,28.0
312,2018-12-05,67.4,47.1,50.2,6.0,27.9
313,2018-12-06,67.0,32.0,27.0,9.5,27.9
314,2018-12-07,66.0,36.9,35.6,3.2,27.9
315,2018-12-08,64.6,45.5,50.5,6.1,27.9
316,2018-12-09,68.2,50.6,53.4,7.5,27.9
317,2018-12-10,69.8,48.0,47.8,6.6,27.9
318,2018-12-11,65.6,51.0,59.8,7.8,28.0
319,2018-12-12,65.1,49.2,57.8,4.8,28.1
320,2018-12-13,66.4,47.2,51.4,5.7,28.1
321,2018-12-14,67.5,46.3,47.8,5.8,28.1
322,2018-12-15,60.3,53.9,80.6,4.2,28.1
323,2018-12-16,59.8,46.3,62.9,2.9,28.1
324,2018-12-17,61.5,48.3,64.2,5.1,28.1
325,2018-12-18,64.9,49.0,58.5,5.3,28.1
326,2018-12-19,57.9,52.1,81.0,5.0,28.1
327,2018-12-20,63.7,48.5,62.7,4.3,28.0
328,2018-12-21,60.3,44.7,58.7,6.0,28.0
329,2018-12-22,57.9,38.2,49.1,7.0,28.1
330,2018-12-23,55.5,37.8,53.4,3.1,28.1
331,2018-12-24,57.1,36.4,48.2,2.4,28.1
332,2018-12-25,58.8,36.6,45.1,3.8,28.1
333,2018-12-26,58.9,37.0,46.5,4.6,28.1
334,2018-12-27,61.3,37.6,44.1,6.0,27.9
335,2018-12-28,65.1,41.3,42.7,6.4,27.9
336,2019-01-01,58.4,49.8,75.4,4.7,28.1
337,2019-01-02,67.3,50.3,58.1,6.8,28.0
338,2019-01-03,70.0,43.0,39.9,9.6,28.0
339,2019-01-04,59.4,35.0,42.7,7.3,28.2
340,2019-01-05,59.6,31.3,36.3,3.5,28.1
341,2019-01-06,66.1,32.5,29.3,7.2,27.9
342,2019-01-07,65.8,41.9,42.8,6.4,27.9
343,2019-01-08,60.0,41.0,50.2,5.1,28.0
344,2019-01-09,64.5,33.8,34.8,8.8,28.0
345,2019-01-10,54.8,27.6,36.2,7.7,28.1
346,2019-01-11,52.9,27.5,39.0,4.5,28.1
347,2019-01-12,56.4,27.6,35.4,3.8,28.0
348,2019-01-13,64.0,24.5,23.0,7.1,27.9
349,2019-01-14,67.3,30.6,26.1,6.3,27.9
350,2019-01-15,65.4,39.0,41.2,4.4,27.9
351,2019-01-16,71.0,44.8,40.5,6.8,27.9
352,2019-01-17,66.7,32.1,30.5,11.3,27.9
353,2019-01-18,54.0,21.0,28.9,3.9,28.0
354,2019-01-19,52.0,27.8,40.8,3.7,28.1
355,2019-01-20,51.3,26.9,40.5,2.5,28.1
356,2019-01-21,55.3,26.6,35.0,4.1,28.1
357,2019-01-22,60.8,27.8,29.9,2.6,28.0
358,2019-01-23,64.8,29.2,27.5,4.8,27.9
359,2019-01-24,66.4,26.5,24.8,4.5,28.0
360,2019-01-25,69.8,23.8,18.5,4.8,27.9
361,2019-01-26,69.6,28.3,22.5,3.8,28.0
362,2019-01-27,72.8,31.0,22.3,9.2,28.0
363,2019-01-28,73.0,38.8,30.0,15.6,27.9
364,2019-02-01,72.3,44.9,39.4,3.1,27.9
365,2019-02-02,69.6,46.7,46.6,6.1,27.9
366,2019-02-03,60.8,38.4,44.3,9.3,28.0
367,2019-02-04,57.0,28.9,38.9,5.3,28.1
368,2019-02-05,57.3,18.0,23.6,4.3,28.1
369,2019-02-06,56.3,20.5,26.0,3.7,28.1
370,2019-02-07,57.5,28.2,34.3,4.4,28.1
371,2019-02-08,63.7,31.9,32.5,9.1,28.0
372,2019-02-09,67.3,26.8,22.6,9.6,27.9
374,2019-02-11,60.2,54.2,81.7,8.6,27.9
375,2019-02-12,55.6,38.7,57.8,9.4,28.1
376,2019-02-13,55.3,33.8,48.8,3.6,28.1
377,2019-02-14,63.0,28.4,29.1,9.8,28.0
378,2019-02-15,70.9,35.0,28.0,5.8,27.9
379,2019-02-16,65.4,47.7,53.8,9.4,27.9
380,2019-02-17,58.0,28.7,35.3,8.3,28.0
381,2019-02-18,58.6,26.7,32.0,5.4,27.9
382,2019-02-19,57.3,30.4,39.1,13.6,27.9
383,2019-02-20,54.7,31.7,47.3,7.3,28.1
384,2019-02-21,56.8,27.0,35.1,3.6,28.1
385,2019-02-22,61.2,26.5,26.9,9.1,27.9
386,2019-02-23,68.0,30.7,25.6,7.2,27.9
387,2019-02-24,69.2,38.3,34.9,4.8,27.9
388,2019-02-25,64.5,37.9,42.8,7.6,28.0
389,2019-02-26,64.9,27.2,27.3,4.7,28.0
390,2019-02-27,73.8,30.2,20.7,8.4,27.8
391,2019-02-28,74.3,39.1,31.3,7.2,27.7
392,2019-03-01,61.8,28.2,28.1,12.8,27.8
393,2019-03-02,57.2,25.2,30.0,6.1,27.9
394,2019-03-03,60.4,25.5,28.1,3.7,27.9
395,2019-03-04,62.1,26.2,28.3,4.5,27.9
396,2019-03-05,65.4,26.8,23.9,9.3,27.9
397,2019-03-06,66.1,28.3,24.6,15.5,27.9
398,2019-03-07,61.3,29.5,32.4,8.3,28.0
399,2019-03-08,63.6,24.5,25.3,5.5,28.0
400,2019-03-09,60.7,23.9,24.7,11.4,28.1
401,2019-03-10,61.1,23.0,25.6,5.1,28.1
402,2019-03-11,64.0,21.0,20.7,4.1,27.9
403,2019-03-12,65.2,19.4,18.2,3.6,28.0
404,2019-03-13,66.6,20.5,18.6,6.0,28.0
405,2019-03-14,75.5,25.0,17.1,13.2,27.8
406,2019-03-15,67.2,30.6,29.4,10.5,27.9
407,2019-03-16,68.8,34.1,28.7,6.3,27.9
408,2019-03-17,69.1,30.2,26.0,12.5,27.9
409,2019-03-18,64.6,25.9,24.3,6.3,28.0
410,2019-03-19,66.4,27.5,25.8,3.1,28.0
411,2019-03-20,68.8,26.3,20.8,7.5,27.9
412,2019-03-21,70.7,29.6,22.4,9.4,27.8
413,2019-03-22,71.0,33.0,26.9,8.8,27.8
414,2019-03-23,72.1,45.0,40.2,6.3,27.8
415,2019-03-24,78.3,45.9,41.0,9.0,27.7
416,2019-03-25,79.8,52.2,42.1,10.6,27.6
417,2019-03-26,70.0,42.5,43.2,7.8,27.8
418,2019-03-27,69.0,33.6,29.8,4.8,27.9
419,2019-03-28,73.4,31.1,22.5,8.0,27.9
420,2019-04-01,71.5,40.6,38.6,7.7,27.8
421,2019-04-02,67.8,30.6,25.8,7.0,27.9
422,2019-04-03,74.7,40.6,32.3,6.0,27.8
423,2019-04-04,79.1,39.5,26.3,4.9,27.8
424,2019-04-05,80.3,51.4,37.9,8.1,27.8
425,2019-04-06,83.0,45.5,30.0,7.2,27.8
426,2019-04-07,84.3,44.6,27.3,11.6,27.8
427,2019-04-08,81.3,48.5,34.8,5.0,27.8
428,2019-04-09,77.0,47.9,37.6,10.9,27.8
429,2019-04-10,72.0,54.6,56.3,9.4,27.9
430,2019-04-11,75.8,51.3,46.3,8.2,27.8
431,2019-04-12,75.8,52.8,49.9,8.0,27.8
432,2019-04-13,70.1,53.9,59.1,10.0,27.8
433,2019-04-14,72.8,38.1,37.4,7.1,27.9
434,2019-04-15,75.3,29.5,24.0,2.7,27.9
435,2019-04-16,81.8,30.3,17.5,4.7,27.9
436,2019-04-17,86.5,24.9,11.9,7.8,27.8
437,2019-04-18,85.8,42.2,26.8,8.8,27.8
438,2019-04-19,84.0,39.0,22.8,7.2,27.8
439,2019-04-20,83.4,37.8,21.8,6.4,27.8
440,2019-04-21,78.4,43.3,29.8,7.3,27.7
441,2019-04-22,72.0,28.1,22.3,13.5,27.8
442,2019-04-23,68.4,15.6,14.2,9.6,28.0
443,2019-04-24,69.6,19.5,15.6,9.1,28.0
444,2019-04-25,71.9,24.4,17.5,5.0,28.0
445,2019-04-26,69.6,33.0,29.2,4.5,27.9
446,2019-04-27,74.7,40.6,31.6,7.1,27.9
447,2019-04-28,80.2,38.3,24.0,8.4,27.9
448,2019-05-01,83.9,31.4,16.2,7.0,27.8
449,2019-05-02,87.1,34.2,15.7,5.8,27.8
450,2019-05-03,88.5,41.5,21.7,8.7,27.8
451,2019-05-04,83.0,50.3,37.2,10.2,27.8
452,2019-05-05,87.5,44.9,24.5,4.4,27.9
453,2019-05-06,85.7,53.2,37.3,4.9,27.9
454,2019-05-07,88.9,44.7,23.9,7.4,27.8
455,2019-05-08,92.2,40.1,17.2,6.1,27.7
456,2019-05-09,93.6,39.3,15.8,11.1,27.7
457,2019-05-10,91.5,40.3,17.9,5.0,27.8
458,2019-05-11,87.9,42.3,21.0,8.6,27.8
459,2019-05-12,78.4,51.4,39.8,8.9,27.9
460,2019-05-13,85.0,46.8,30.2,6.5,27.8
461,2019-05-14,90.1,43.2,21.8,7.5,27.8
462,2019-05-15,90.7,33.5,14.7,3.3,27.8
464,2019-05-17,90.1,41.4,18.6,6.8,27.8
465,2019-05-18,83.8,47.0,28.8,6.1,27.7
466,2019-05-19,86.8,43.7,25.8,3.7,27.7
467,2019-05-20,88.0,46.0,23.9,8.5,27.8
468,2019-05-21,88.4,45.8,25.3,6.6,27.8
469,2019-05-22,90.0,41.4,20.3,4.3,27.9
470,2019-05-23,92.0,34.3,14.5,6.9,27.8
471,2019-05-24,91.1,32.8,13.7,3.5,27.8
472,2019-05-25,92.0,31.3,12.3,3.6,27.8
473,2019-05-26,92.6,31.8,12.5,4.2,27.8
474,2019-05-27,93.6,32.8,12.7,5.5,27.8
475,2019-05-28,98.6,27.4,8.1,6.3,27.7
476,2019-06-01,95.3,27.1,9.2,5.0,27.8
477,2019-06-02,96.5,28.5,9.5,5.5,27.8
478,2019-06-03,96.8,29.3,9.7,6.3,27.7
479,2019-06-04,95.5,26.8,9.0,11.7,27.7
480,2019-06-05,93.0,28.9,10.5,6.8,27.7
481,2019-06-06,95.1,34.7,12.3,3.5,27.7
482,2019-06-07,96.6,34.6,12.0,3.9,27.7
483,2019-06-08,97.8,31.0,10.0,3.6,27.7
484,2019-06-09,98.2,32.9,10.6,3.4,27.7
485,2019-06-10,100.5,31.7,9.5,4.0,27.6
486,2019-06-11,99.5,32.2,10.0,6.7,27.6
487,2019-06-12,99.0,32.9,10.0,9.3,27.7
488,2019-06-13,97.3,32.3,10.7,6.3,27.7
489,2019-06-14,100.8,34.8,10.4,5.6,27.6
490,2019-06-15,103.3,34.5,9.3,6.8,27.6
491,2019-06-16,104.0,35.0,9.5,4.6,27.6
493,2019-06-18,99.8,33.4,10.1,5.3,27.7
494,2019-06-19,97.4,34.7,11.4,6.5,27.7
495,2019-06-20,95.5,30.5,10.7,12.1,27.7
496,2019-06-21,94.3,26.6,9.2,15.0,27.7
497,2019-06-22,93.9,29.8,10.7,12.3,27.7
499,2019-06-24,95.7,30.0,10.3,4.3,27.7
500,2019-06-25,99.4,31.3,9.8,6.2,27.7
501,2019-06-26,100.7,27.1,7.9,9.6,27.7
502,2019-06-27,99.9,25.9,7.6,6.4,27.6
503,2019-06-28,100.9,26.8,7.8,5.6,27.6
504,2019-07-01,99.5,29.4,8.8,5.1,27.6
505,2019-07-02,97.7,34.7,11.5,6.8,27.6
506,2019-07-03,99.0,30.8,9.6,13.0,27.6
507,2019-07-04,98.4,29.8,9.5,10.8,27.6
508,2019-07-05,99.0,27.0,8.3,10.8,27.6
509,2019-07-06,100.4,27.5,8.0,7.2,27.5
510,2019-07-07,100.7,30.0,9.1,3.5,27.5
511,2019-07-08,102.6,29.4,8.1,4.2,27.6
512,2019-07-09,100.0,29.5,8.7,9.4,27.6
513,2019-07-10,97.5,28.2,8.9,11.3,27.5
514,2019-07-11,96.9,29.3,9.8,9.7,27.6
515,2019-07-12,97.0,25.5,8.1,10.3,27.6
516,2019-07-13,97.2,27.3,8.7,9.8,27.6
517,2019-07-14,96.9,28.3,9.2,9.3,27.6
518,2019-07-15,96.6,27.9,8.9,7.2,27.6
519,2019-07-16,97.0,34.1,11.4,7.9,27.6
520,2019-07-17,96.9,36.8,12.4,8.2,27.6
521,2019-07-18,96.2,35.2,11.9,10.5,27.6
522,2019-07-19,100.3,37.6,11.8,19.0,27.6
523,2019-07-20,96.5,37.1,12.8,12.6,27.6
524,2019-07-21,96.6,35.7,12.5,10.3,27.6
525,2019-07-22,97.7,35.1,11.4,9.6,27.6
526,2019-07-23,99.9,36.1,11.3,11.5,27.6
527,2019-07-24,99.4,35.3,11.5,9.0,27.6
528,2019-07-25,99.4,40.3,14.8,7.1,27.6
529,2019-07-26,99.0,33.9,11.0,8.4,27.6
530,2019-07-27,98.1,36.4,12.0,7.3,27.5
531,2019-07-28,98.6,42.5,15.4,6.4,27.5
532,2019-08-01,101.3,43.2,15.4,4.4,27.6
533,2019-08-02,101.3,43.3,14.8,5.9,27.6
534,2019-08-03,99.5,35.3,11.3,13.2,27.6
535,2019-08-04,97.3,43.1,16.4,6.7,27.6
536,2019-08-05,97.7,38.2,13.6,8.0,27.6
537,2019-08-06,97.7,39.2,14.1,9.1,27.6
538,2019-08-07,97.3,40.8,15.4,10.3,27.6
539,2019-08-08,96.8,36.5,12.8,12.7,27.6
545,2019-08-14,97.9,37.6,12.8,13.2,27.6
546,2019-08-15,98.7,38.3,12.8,12.1,27.6
547,2019-08-16,98.2,38.1,13.2,11.0,27.7
548,2019-08-17,95.5,34.7,12.5,12.5,27.6
549,2019-08-18,94.9,38.9,15.3,6.5,27.7
550,2019-08-19,96.3,44.4,18.2,3.9,27.7
551,2019-08-20,95.8,45.5,19.5,4.8,27.7
552,2019-08-21,95.4,43.0,17.7,4.3,27.7
553,2019-08-22,96.7,44.5,17.5,4.6,27.7
554,2019-08-23,97.7,39.1,14.0,5.9,27.7
555,2019-08-24,96.0,42.8,16.4,4.9,27.7
556,2019-08-25,97.0,37.4,13.6,5.6,27.7
557,2019-08-26,96.0,41.5,17.0,5.1,27.7
558,2019-08-27,96.7,45.2,18.2,3.0,27.7
559,2019-08-28,97.3,44.5,17.5,4.6,27.6
560,2019-09-01,98.8,40.3,14.4,6.3,27.6
561,2019-09-02,99.2,45.8,17.3,4.2,27.7
562,2019-09-03,98.7,45.8,17.5,4.6,27.6
563,2019-09-04,98.2,44.6,17.4,4.4,27.6
564,2019-09-05,98.4,45.8,18.5,3.8,27.6
565,2019-09-06,99.9,47.6,17.7,3.6,27.6
566,2019-09-07,97.4,46.3,18.3,5.0,27.6
567,2019-09-08,95.2,45.2,19.0,6.0,27.7
568,2019-09-09,93.7,42.6,17.2,6.4,27.7
569,2019-09-10,92.5,44.8,20.0,6.5,27.7
570,2019-09-11,91.0,45.6,22.1,6.5,27.7
571,2019-09-12,91.1,44.9,22.0,6.8,27.8
572,2019-09-13,91.9,46.1,21.8,4.2,27.8
573,2019-09-14,94.6,45.5,19.6,5.0,27.8
574,2019-09-15,94.6,44.6,19.1,5.8,27.8
575,2019-09-16,94.4,43.9,19.3,4.5,27.8
576,2019-09-17,94.4,47.4,21.0,3.3,27.8
577,2019-09-18,93.4,43.6,18.6,4.0,27.8
578,2019-09-19,93.6,40.5,16.8,8.6,27.8
579,2019-09-20,92.0,40.0,17.2,7.1,27.8
580,2019-09-21,92.8,42.3,18.5,5.0,27.7
581,2019-09-22,91.8,34.6,14.7,7.1,27.7
582,2019-09-23,90.7,40.7,19.2,6.3,27.8
583,2019-09-24,93.5,44.9,19.5,4.3,27.8
584,2019-09-25,92.6,43.0,19.2,5.8,27.8
585,2019-09-26,90.3,48.8,25.3,4.8,27.8
586,2019-09-27,91.0,58.2,34.3,4.0,27.8
587,2019-09-28,92.6,55.0,30.1,4.3,27.8
588,2019-10-01,92.6,47.6,21.8,3.0,27.8
589,2019-10-02,91.5,47.7,23.3,3.2,27.8
590,2019-10-03,93.2,47.1,21.3,3.4,27.8
591,2019-10-04,93.4,45.5,20.5,4.4,27.8
592,2019-10-05,91.4,51.0,25.8,6.1,27.8
593,2019-10-06,91.0,50.5,26.6,4.9,27.8
594,2019-10-07,90.1,49.0,25.4,6.6,27.8
595,2019-10-08,88.1,57.8,39.4,5.8,27.9
596,2019-10-09,87.3,55.5,34.9,4.7,27.9
597,2019-10-10,88.3,52.8,32.0,3.7,27.9
598,2019-10-11,88.2,45.8,24.7,5.3,27.9
599,2019-10-12,86.5,44.5,24.1,3.1,27.8
600,2019-10-13,86.2,43.9,23.7,4.8,27.8
602,2019-10-15,84.8,49.4,31.8,3.8,27.9
603,2019-10-16,84.0,50.3,34.5,3.6,27.9
604,2019-10-17,82.5,43.4,26.8,3.0,28.0
605,2019-10-18,83.5,40.5,23.4,5.3,27.9
606,2019-10-19,82.5,43.3,26.6,5.4,27.9
607,2019-10-20,81.9,46.0,29.5,3.2,27.9
608,2019-10-21,82.9,45.2,28.4,3.2,27.9
609,2019-10-22,82.9,41.8,24.9,4.6,27.9
610,2019-10-23,83.3,38.5,22.4,4.3,27.9
611,2019-10-24,83.5,41.5,24.1,3.8,27.9
612,2019-10-25,83.3,40.5,23.0,3.1,27.8
613,2019-10-26,84.1,42.4,24.7,4.0,27.8
614,2019-10-27,85.0,40.0,21.7,6.0,27.8
615,2019-10-28,84.5,43.8,26.8,7.1,27.8
616,2019-11-01,75.6,50.6,43.7,6.1,27.9
617,2019-11-02,77.2,52.0,42.1,6.1,27.9
618,2019-11-03,82.5,51.0,35.5,6.0,27.9
619,2019-11-04,82.8,47.7,31.3,6.2,27.9
620,2019-11-05,80.0,49.9,36.3,5.1,27.9
622,2019-11-07,78.5,45.2,32.3,3.4,27.9
623,2019-11-08,81.2,42.3,26.2,5.3,27.9
624,2019-11-09,80.2,43.0,28.5,4.3,27.9
625,2019-11-10,76.8,49.3,39.4,6.2,27.9
626,2019-11-11,72.6,52.8,50.7,6.7,28.0
627,2019-11-12,70.1,49.4,50.5,3.0,28.0
628,2019-11-13,67.0,45.8,48.9,2.3,28.0
629,2019-11-14,70.0,50.0,53.5,3.0,28.0
630,2019-11-15,67.0,48.8,52.6,4.6,27.9
631,2019-11-16,66.4,46.8,50.4,6.8,27.9
632,2019-11-17,67.0,43.3,45.5,6.5,27.9
633,2019-11-18,67.4,57.6,72.8,6.0,27.9
634,2019-11-19,60.4,56.3,86.5,7.2,28.0
635,2019-11-20,57.8,37.5,51.3,8.8,28.0
636,2019-11-21,54.2,32.8,47.3,6.4,28.0
637,2019-11-22,55.0,34.7,49.9,2.7,28.1
638,2019-11-23,62.0,36.7,42.5,5.4,28.0
639,2019-11-24,65.6,44.4,47.3,7.5,28.0
640,2019-11-25,64.0,54.2,71.7,5.1,27.9
641,2019-11-26,66.6,54.8,67.9,3.5,28.0
642,2019-11-27,67.8,53.6,63.1,2.8,28.0
643,2019-11-28,69.5,52.0,55.7,5.3,28.0
644,2019-12-01,68.9,49.1,53.6,3.6,28.0
645,2019-12-02,70.8,43.0,38.5,6.6,27.9
646,2019-12-03,66.7,43.2,44.0,6.7,27.9
647,2019-12-04,62.4,41.8,48.0,3.7,28.0
648,2019-12-05,63.2,43.1,48.9,5.1,28.0
649,2019-12-06,68.3,41.1,39.6,8.8,28.0
650,2019-12-07,67.8,42.7,44.8,8.5,27.9
651,2019-12-08,61.2,51.2,70.3,5.7,27.9
652,2019-12-09,59.7,49.3,68.5,5.3,28.0
653,2019-12-10,65.8,60.4,82.8,6.4,27.9
654,2019-12-11,65.6,55.7,71.7,4.5,27.9
655,2019-12-12,63.2,47.8,60.6,5.3,27.9
656,2019-12-13,69.9,47.5,45.6,8.8,27.9
657,2019-12-14,65.7,38.8,38.6,5.4,28.0
658,2019-12-15,65.6,53.7,66.6,7.2,27.9
659,2019-12-16,66.5,59.4,77.6,7.1,27.9
660,2019-12-17,57.1,47.2,70.9,11.5,28.0
661,2019-12-18,56.8,40.5,56.9,7.2,28.1
662,2019-12-19,55.1,38.1,55.0,8.8,28.2
663,2019-12-20,54.5,35.3,51.8,7.0,28.1
664,2019-12-21,53.0,32.2,47.9,3.4,28.1
665,2019-12-22,52.8,32.3,48.1,2.0,28.1
666,2019-12-23,54.0,32.1,46.6,2.0,28.0
667,2019-12-24,58.1,35.5,44.9,2.0,28.0
668,2019-12-25,60.4,36.3,42.4,5.1,28.0
669,2019-12-26,63.0,39.1,43.2,4.3,27.9
670,2019-12-27,65.0,40.7,43.5,3.5,27.9
671,2019-12-28,62.0,37.4,41.6,5.3,27.9
672,2020-01-01,60.3,35.6,40.4,6.1,27.9
673,2020-01-02,63.4,39.3,41.1,6.6,27.9
674,2020-01-03,72.0,45.9,41.9,6.6,27.9
675,2020-01-04,71.6,47.6,42.9,6.8,27.9
676,2020-01-05,55.7,51.9,86.8,4.7,27.9
677,2020-01-06,52.7,44.1,73.5,4.1,28.1
678,2020-01-07,54.1,41.3,65.4,2.7,28.1
679,2020-01-08,59.2,38.3,48.4,6.3,27.9
680,2020-01-09,60.4,42.1,52.1,4.4,27.9
681,2020-01-10,58.0,40.5,57.2,4.7,27.8
682,2020-01-11,53.2,32.9,48.1,10.8,27.9
683,2020-01-12,51.7,30.6,46.0,9.5,28.1
684,2020-01-13,52.0,31.7,49.2,3.4,28.1
685,2020-01-14,53.4,28.6,39.7,10.2,28.1
686,2020-01-15,49.5,29.4,46.6,4.6,28.2
687,2020-01-16,53.5,35.3,52.5,4.3,28.1
688,2020-01-17,60.0,36.2,44.3,8.9,28.0
689,2020-01-18,63.9,35.9,36.3,6.0,27.9
690,2020-01-19,61.3,42.1,50.2,5.0,27.9
691,2020-01-20,59.4,38.5,48.9,3.3,28.0
692,2020-01-21,60.3,37.7,45.7,7.7,27.9
693,2020-01-22,61.5,33.8,35.8,11.3,27.9
694,2020-01-23,54.0,28.2,37.6,10.1,28.0
695,2020-01-24,52.9,31.1,45.5,3.4,28.0
696,2020-01-25,53.7,27.1,36.9,9.8,28.1
697,2020-01-26,49.0,28.6,46.8,13.4,28.2
698,2020-01-27,50.7,30.4,48.8,6.0,28.2
699,2020-01-28,52.6,31.5,47.0,1.8,28.1
700,2020-02-01,63.0,30.6,30.2,9.3,27.9
701,2020-02-02,56.2,27.0,34.0,3.8,28.1
702,2020-02-03,55.5,30.3,38.5,4.0,28.1
703,2020-02-04,58.8,32.1,39.1,5.3,28.0
704,2020-02-05,63.7,36.0,36.1,6.1,28.0
705,2020-02-06,67.8,37.1,33.8,6.7,28.0
706,2020-02-07,70.8,38.8,32.6,5.4,27.9
707,2020-02-08,72.3,39.0,31.0,6.5,27.9
708,2020-02-09,65.0,34.4,32.0,7.3,28.0
709,2020-02-10,56.8,32.5,40.5,5.9,28.0
710,2020-02-11,49.9,25.2,39.8,10.8,28.1
711,2020-02-12,45.3,14.5,30.2,8.0,28.2
712,2020-02-13,50.7,23.0,35.1,2.0,28.2
713,2020-02-14,59.8,28.5,33.2,3.1,28.1
714,2020-02-15,62.5,30.6,32.6,2.6,28.1
715,2020-02-16,65.5,23.3,23.8,8.0,27.9
717,2020-02-18,71.4,27.1,19.9,8.1,27.9
720,2020-02-21,63.1,36.4,39.4,4.5,28.0
721,2020-02-22,68.1,36.5,33.6,5.3,28.0
723,2020-02-24,76.4,50.6,44.7,10.4,27.9
724,2020-02-25,79.3,40.3,26.7,9.1,27.8
725,2020-02-26,65.8,29.8,26.8,13.6,28.0
726,2020-02-27,64.0,36.3,38.0,6.8,28.1
727,2020-02-28,66.0,37.1,36.1,2.3,28.0
728,2020-03-01,75.5,34.9,23.8,6.6,27.8
729,2020-03-02,65.3,30.5,28.1,10.9,28.0
730,2020-03-03,62.9,29.6,30.6,4.1,28.0
731,2020-03-04,64.4,34.1,34.5,2.8,28.0
732,2020-03-05,66.8,36.5,34.3,2.1,28.0
733,2020-03-06,71.4,34.3,27.6,4.3,27.9
734,2020-03-07,75.7,31.1,20.7,9.1,27.9
735,2020-03-08,69.5,33.6,27.4,10.5,27.9
736,2020-03-09,66.0,37.7,36.4,7.2,27.9
737,2020-03-10,67.6,38.1,36.3,2.8,28.0
738,2020-03-11,70.0,35.6,29.8,3.3,28.0
739,2020-03-12,71.5,32.4,25.7,5.3,27.9
740,2020-03-13,73.7,25.8,17.6,10.1,27.9
741,2020-03-14,76.5,36.9,24.9,10.2,27.8
742,2020-03-15,72.1,44.2,37.8,8.2,27.8
743,2020-03-16,71.5,43.5,37.7,6.0,27.9
744,2020-03-17,74.1,45.1,37.3,6.3,27.9
745,2020-03-18,79.6,45.3,30.6,8.9,27.8
746,2020-03-19,73.1,41.9,33.4,8.3,27.8
747,2020-03-20,73.3,43.5,34.7,5.3,27.8
748,2020-03-21,76.6,40.5,33.8,6.2,27.7
749,2020-03-22,70.2,27.9,21.2,10.6,27.8
750,2020-03-23,64.4,26.8,26.3,6.7,27.9
751,2020-03-24,67.8,29.7,26.5,3.8,27.9
752,2020-03-25,74.1,32.7,23.2,4.7,27.8
753,2020-03-26,79.8,30.4,17.2,8.4,27.7
754,2020-03-27,81.2,34.8,19.8,9.3,27.7
755,2020-03-28,84.7,43.9,25.6,6.6,27.7
756,2020-04-01,79.3,31.7,18.2,11.8,27.9
757,2020-04-02,83.9,35.5,18.9,6.1,27.8
758,2020-04-03,82.0,37.4,22.2,8.8,27.8
759,2020-04-04,77.1,39.5,29.3,8.6,27.9
760,2020-04-05,81.0,34.1,19.0,7.7,28.0
761,2020-04-06,84.1,39.7,21.1,6.3,27.9
762,2020-04-07,86.5,44.3,24.0,8.5,27.9
763,2020-04-08,88.6,42.9,22.2,7.5,27.8
764,2020-04-09,92.0,41.8,20.4,10.6,27.7
765,2020-04-10,92.3,40.5,17.7,8.7,27.7
766,2020-04-11,84.1,39.2,21.1,7.7,27.8
767,2020-04-12,76.9,43.2,30.1,8.2,27.8
768,2020-04-13,72.3,44.9,39.2,10.9,27.9
769,2020-04-14,72.2,40.2,36.9,9.4,27.9
770,2020-04-15,73.2,42.0,34.9,7.0,27.9
772,2020-04-17,79.0,51.0,39.1,8.0,27.8
773,2020-04-18,77.8,53.4,47.7,10.3,27.8
774,2020-04-19,78.8,52.6,42.4,7.9,27.8
775,2020-04-20,76.9,57.0,51.1,6.8,27.8
777,2020-04-22,77.9,56.4,53.6,5.7,27.8
778,2020-04-23,84.8,52.8,39.5,5.5,27.8
779,2020-04-24,87.6,50.5,31.8,5.0,27.8
780,2020-04-25,91.2,47.9,25.1,9.1,27.7
782,2020-04-27,81.1,38.2,21.8,8.9,27.8
783,2020-04-28,83.3,41.3,24.2,7.0,27.8
784,2020-05-01,85.5,48.2,29.9,7.8,27.8
785,2020-05-02,88.7,42.5,22.9,10.3,27.7
786,2020-05-03,85.8,33.3,16.3,7.6,27.8
787,2020-05-04,86.5,38.4,20.2,5.4,27.9
788,2020-05-05,92.0,40.6,18.0,10.4,27.8
789,2020-05-06,89.9,50.6,28.9,9.4,27.8
790,2020-05-07,84.3,37.0,18.8,10.0,27.9
791,2020-05-08,83.5,39.5,22.2,6.5,27.9
792,2020-05-09,91.4,42.5,18.9,8.9,27.8
793,2020-05-10,91.0,48.5,23.7,10.3,27.8
794,2020-05-11,86.9,46.4,24.8,10.4,27.9
795,2020-05-12,87.2,44.2,24.6,4.5,27.9
796,2020-05-13,86.7,35.3,17.5,7.9,27.9
797,2020-05-14,86.7,35.5,17.3,7.5,27.8
798,2020-05-15,87.5,38.0,18.6,5.8,27.8
799,2020-05-16,89.7,43.5,21.8,3.3,27.8
800,2020-05-17,91.3,42.8,20.3,3.7,27.8
802,2020-05-19,92.5,42.5,18.2,5.9,27.8
803,2020-05-20,93.3,46.5,20.8,4.4,27.7
804,2020-05-21,93.1,37.7,16.1,6.3,27.7
805,2020-05-22,90.7,33.9,14.7,5.8,27.8
806,2020-05-23,91.2,40.5,18.0,4.0,27.8
808,2020-05-25,94.8,38.6,14.6,6.7,27.8
809,2020-05-26,89.6,45.2,23.3,7.0,27.9
810,2020-05-27,91.0,41.3,18.9,5.3,27.8
811,2020-05-28,94.3,39.5,16.3,5.5,27.8
812,2020-06-01,95.3,43.4,18.2,3.8,27.7
814,2020-06-03,99.1,46.9,17.8,5.2,27.7
815,2020-06-04,97.8,42.7,15.5,7.0,27.7
816,2020-06-05,98.3,38.5,13.3,7.9,27.8
817,2020-06-06,98.0,37.6,13.0,9.7,27.7
818,2020-06-07,96.1,42.2,16.5,5.3,27.7
819,2020-06-08,97.2,47.4,19.1,3.3,27.7
820,2020-06-09,99.4,42.3,14.8,6.8,27.7
821,2020-06-10,98.5,45.2,17.0,3.3,27.7
822,2020-06-11,98.9,43.2,16.0,4.5,27.6
823,2020-06-12,98.4,40.7,14.4,4.7,27.6
824,2020-06-13,96.3,41.6,16.1,5.6,27.7
825,2020-06-14,94.4,41.9,17.4,5.6,27.7
826,2020-06-15,96.6,46.1,19.0,2.8,27.7
827,2020-06-16,100.3,41.4,14.9,4.8,27.6
828,2020-06-17,100.3,39.3,13.0,7.3,27.6
829,2020-06-18,96.7,34.7,12.5,9.8,27.6
830,2020-06-19,95.2,32.5,11.5,9.1,27.6
831,2020-06-20,94.5,41.5,16.6,4.1,27.6
832,2020-06-21,93.0,43.3,18.7,6.3,27.7
833,2020-06-22,92.3,37.0,15.4,12.4,27.7
834,2020-06-23,94.8,33.2,12.7,13.2,27.7
835,2020-06-24,92.7,29.7,10.9,10.1,27.7
837,2020-06-26,95.5,34.2,12.3,9.3,27.6
838,2020-06-27,96.9,32.7,11.7,9.1,27.6
839,2020-06-28,97.3,40.6,15.4,4.3,27.6
840,2020-07-01,99.2,45.7,17.0,3.7,27.5
841,2020-07-02,100.0,43.6,15.3,6.9,27.5
842,2020-07-03,98.4,49.2,21.7,6.1,27.6
844,2020-07-05,100.3,46.3,17.4,3.3,27.5
845,2020-07-06,100.5,45.2,16.8,3.5,27.5
846,2020-07-07,102.3,43.6,14.7,4.3,27.5
847,2020-07-08,100.7,39.9,13.2,8.7,27.5
848,2020-07-09,99.6,37.9,12.3,7.4,27.6
849,2020-07-10,99.8,40.0,13.8,8.8,27.6
850,2020-07-11,100.3,41.0,13.5,9.8,27.5
851,2020-07-12,100.1,42.9,15.3,8.7,27.5
852,2020-07-13,101.0,43.2,14.4,7.1,27.5
853,2020-07-14,101.3,46.5,15.8,4.7,27.6
854,2020-07-15,102.5,50.4,17.7,4.0,27.6
855,2020-07-16,101.3,44.8,15.5,7.5,27.5
856,2020-07-17,100.0,40.3,13.7,7.5,27.5
857,2020-07-18,99.3,36.3,12.3,9.5,27.5
858,2020-07-19,98.5,46.7,18.0,4.8,27.6
859,2020-07-20,101.9,45.9,16.7,7.6,27.6
860,2020-07-21,103.6,34.4,9.4,14.3,27.5
861,2020-07-22,101.5,42.3,13.8,7.8,27.5
862,2020-07-23,98.2,60.6,30.4,9.2,27.5
863,2020-07-24,99.8,56.3,24.6,5.8,27.6
864,2020-07-25,99.5,58.0,26.0,6.6,27.6
865,2020-07-26,98.6,58.3,27.0,6.3,27.6
866,2020-07-27,100.2,55.7,24.0,4.0,27.6
867,2020-07-28,101.7,52.0,20.0,4.8,27.6
868,2020-08-01,104.5,50.5,17.7,4.5,27.5
869,2020-08-02,105.2,50.7,17.1,4.8,27.5
870,2020-08-03,102.0,43.6,14.3,9.9,27.6
871,2020-08-04,99.9,39.5,13.7,9.2,27.5
872,2020-08-05,98.9,37.5,12.4,12.4,27.5
873,2020-08-06,97.1,35.2,12.0,13.6,27.6
874,2020-08-07,97.8,36.9,12.5,11.8,27.6
875,2020-08-08,98.1,40.3,14.3,8.7,27.5
876,2020-08-09,97.3,40.6,15.3,6.6,27.6
877,2020-08-10,96.0,36.1,13.0,11.1,27.6
878,2020-08-11,94.6,34.4,12.4,13.2,27.6
879,2020-08-12,94.1,39.1,15.3,8.5,27.6
880,2020-08-13,94.8,39.2,15.1,8.5,27.6
881,2020-08-14,96.4,40.4,15.1,9.1,27.5
882,2020-08-15,96.8,40.9,15.1,8.4,27.5
883,2020-08-16,96.7,44.3,17.5,6.1,27.6
884,2020-08-17,97.0,40.0,14.7,8.6,27.6
885,2020-08-18,95.0,35.7,13.1,9.8,27.6
886,2020-08-19,93.0,34.8,14.2,7.4,27.6
887,2020-08-20,93.9,35.7,14.3,7.1,27.6
888,2020-08-21,96.6,41.8,16.7,5.8,27.6
889,2020-08-22,98.7,44.4,16.7,4.3,27.6
890,2020-08-23,101.6,43.1,14.7,6.0,27.5
891,2020-08-24,100.3,44.1,15.5,9.0,27.5
892,2020-08-25,97.9,47.8,19.1,5.2,27.6
893,2020-08-26,96.3,47.2,19.7,4.8,27.6
894,2020-08-27,95.4,45.5,19.3,4.1,27.6
895,2020-08-28,94.0,42.1,18.3,5.4,27.6
896,2020-09-01,94.3,53.4,26.0,5.8,27.7
897,2020-09-02,95.7,49.5,21.7,6.0,27.8
898,2020-09-03,94.3,48.0,21.7,3.5,27.8
899,2020-09-04,95.4,43.2,17.6,5.3,27.7
900,2020-09-05,95.5,41.9,17.0,5.0,27.7
901,2020-09-06,95.3,44.3,18.3,5.1,27.7
902,2020-09-07,93.6,41.6,17.3,5.7,27.7
903,2020-09-08,92.3,45.6,20.6,3.6,27.8
904,2020-09-09,94.0,45.5,19.9,2.9,27.7
905,2020-09-10,94.8,43.1,17.5,3.9,27.7
906,2020-09-11,95.8,41.5,16.1,4.4,27.7
907,2020-09-12,94.2,36.5,14.2,8.9,27.7
908,2020-09-13,93.4,45.5,19.9,3.5,27.8
909,2020-09-14,93.8,44.0,18.8,3.3,27.7
910,2020-09-15,95.3,39.0,15.1,5.7,27.7
911,2020-09-16,93.5,40.8,16.8,4.8,27.7
912,2020-09-17,92.6,43.1,18.8,2.8,27.8
913,2020-09-18,92.5,45.2,20.6,2.9,27.8
914,2020-09-19,91.3,41.5,19.1,5.0,27.7
915,2020-09-20,91.1,37.9,16.8,6.3,27.7
916,2020-09-21,93.3,33.5,13.5,12.1,27.7
917,2020-09-22,90.2,46.1,27.2,7.2,27.7
918,2020-09-23,90.8,36.6,15.6,6.6,27.7
919,2020-09-24,90.8,36.9,15.7,6.0,27.7
920,2020-09-25,91.1,44.3,21.6,5.3,27.8
921,2020-09-26,90.9,44.5,21.4,2.7,27.7
922,2020-09-27,91.1,43.3,21.0,3.0,27.8
923,2020-09-28,89.4,42.9,20.1,6.8,27.8
924,2020-10-01,87.6,42.8,21.9,2.5,27.8
925,2020-10-02,88.3,39.2,18.9,4.5,27.8
926,2020-10-03,85.5,40.5,20.9,6.1,27.8
927,2020-10-04,86.3,46.7,26.1,2.3,27.8
928,2020-10-05,87.5,44.9,24.0,2.8,27.8
929,2020-10-06,88.3,42.4,20.8,3.4,27.8
930,2020-10-07,86.6,40.6,20.5,6.0,27.9
931,2020-10-08,84.5,40.1,22.1,4.1,27.9
932,2020-10-09,82.3,38.6,22.7,2.9,27.9
933,2020-10-10,80.4,33.5,19.0,6.6,27.9
934,2020-10-11,77.5,35.7,22.7,4.4,27.9
935,2020-10-12,77.3,32.7,21.0,5.1,27.9
936,2020-10-13,78.4,32.7,19.8,6.0,27.9
937,2020-10-14,77.5,31.9,19.9,4.5,27.9
938,2020-10-15,78.6,33.3,21.2,4.3,27.9
942,2020-10-19,76.0,31.2,20.5,5.9,27.9
943,2020-10-20,75.7,31.7,21.8,6.6,27.9
944,2020-10-21,76.0,32.4,22.0,5.5,27.9
945,2020-10-22,75.4,32.4,21.9,7.6,27.9
946,2020-10-23,76.8,30.3,19.5,8.8,27.9
947,2020-10-24,72.7,32.5,24.3,2.7,27.9
948,2020-10-25,72.8,38.3,29.7,2.8,27.9
949,2020-10-26,74.2,40.4,31.8,1.8,27.9
950,2020-10-27,74.0,41.6,32.2,1.4,27.9
951,2020-10-28,73.9,36.3,27.2,2.3,28.0
952,2020-11-01,74.0,41.4,32.9,3.4,28.0
953,2020-11-02,73.7,41.4,33.4,2.4,28.0
954,2020-11-03,74.3,41.5,32.5,2.2,28.0
955,2020-11-04,73.5,40.8,31.8,1.6,27.9
956,2020-11-05,73.3,38.5,30.3,1.8,27.9
957,2020-11-06,73.8,37.0,28.5,4.3,27.9
958,2020-11-07,75.1,38.4,27.5,6.3,27.9
959,2020-11-08,65.7,40.0,39.0,2.2,27.9
960,2020-11-09,77.4,51.2,39.8,4.6,28.0
961,2020-11-10,77.9,51.0,40.6,5.1,27.9
962,2020-11-11,79.1,49.9,38.0,4.1,27.9
963,2020-11-12,78.6,43.8,30.3,5.5,27.9
964,2020-11-13,73.5,50.6,45.6,7.5,28.0
965,2020-11-14,68.6,46.0,47.1,5.5,28.0
966,2020-11-15,69.4,41.5,38.0,4.4,27.9
967,2020-11-16,75.3,47.4,38.9,7.8,27.9
968,2020-11-17,73.4,47.4,41.3,5.5,28.0
969,2020-11-18,70.7,54.8,59.0,6.2,28.0
970,2020-11-19,70.5,46.9,44.7,5.3,28.0
971,2020-11-20,72.9,46.5,40.4,9.5,27.9
972,2020-11-21,75.2,41.5,31.0,8.8,27.9
973,2020-11-22,69.4,43.7,40.3,8.0,28.0
974,2020-11-23,66.3,40.0,39.5,5.0,28.0
975,2020-11-24,64.5,40.6,42.9,4.2,28.0
976,2020-11-25,65.1,39.4,41.3,4.0,27.9
977,2020-11-26,69.5,36.0,30.0,6.8,27.9
978,2020-11-27,69.9,43.7,39.6,8.7,28.0
979,2020-11-28,67.3,57.1,71.9,6.3,28.0
980,2020-12-01,61.9,58.5,88.9,4.7,28.0
981,2020-12-02,66.5,60.1,80.9,6.6,28.0
982,2020-12-03,71.3,56.5,62.0,5.7,28.0
983,2020-12-04,73.2,56.3,56.6,6.7,27.9
984,2020-12-05,70.8,57.3,65.2,8.8,27.9
985,2020-12-06,68.8,42.6,40.1,11.0,27.9
986,2020-12-07,59.3,44.0,59.8,6.6,28.1
987,2020-12-08,59.1,42.4,56.1,2.7,28.1
988,2020-12-09,62.2,40.8,48.5,2.4,28.0
989,2020-12-10,61.5,41.5,50.1,6.6,28.0
990,2020-12-11,58.4,42.5,57.5,3.2,28.1
991,2020-12-12,59.1,39.4,50.2,2.8,28.1
992,2020-12-13,59.1,40.0,51.4,1.8,28.1
993,2020-12-14,59.7,39.3,49.6,2.4,28.0
994,2020-12-15,61.6,35.0,40.0,6.5,28.0
995,2020-12-16,64.1,32.4,31.8,6.9,28.0
996,2020-12-17,66.4,39.0,38.1,5.0,28.0
997,2020-12-18,61.7,46.8,59.5,5.7,28.0
998,2020-12-19,59.8,47.4,65.3,5.9,28.1
999,2020-12-20,59.1,46.6,64.2,4.0,28.1
1000,2020-12-21,59.0,44.7,61.4,3.0,28.1
1001,2020-12-22,59.5,41.4,52.5,2.3,28.1
1002,2020-12-23,62.9,40.7,45.7,4.0,28.0
1003,2020-12-24,62.1,39.8,45.1,5.3,27.9
1004,2020-12-25,57.8,38.3,50.1,6.1,28.1
1005,2020-12-26,52.7,22.4,33.8,5.2,28.1
1006,2020-12-27,52.2,25.8,39.0,3.3,28.1
1007,2020-12-28,54.7,42.8,64.9,2.9,28.1
